<channels>
   <lab>ward</lab>
   <channel>
      <name>bp</name>
      <description>Blood Pressure</description>
      <units>mmHg</units>
      <scale>100</scale>
      <offset>0</offset>
      <timeshift>0</timeshift>
   </channel>
   <channel>
      <name>pco2</name>
      <description>pCO2</description>
      <units>kPa</units>
      <scale>1</scale>
      <offset>0</offset>
      <timeshift>0</timeshift>
   </channel>
   <channel>
      <name>po2</name>
      <description>pO2</description>
      <units>kPa</units>
      <scale>10</scale>
      <offset>0</offset>
      <timeshift>0</timeshift>
   </channel>
   <channel>
      <name>flow</name>
      <description>airflow (positive=out)</description>
      <units>L/s</units>
      <scale>0.95</scale>
      <offset>0</offset>
      <timeshift>0</timeshift>
   </channel>
   <channel>
      <name>qfin</name>
      <description>Cardiac Output</description>
      <units>L/min</units>
      <scale>10</scale>
      <offset>0</offset>
      <timeshift>-1000</timeshift>
   </channel>
   <channel>
      <name>dpdt</name>
      <description>dpdt</description>
      <units>AU</units>
      <scale/>
      <offset>0</offset>
      <timeshift>-1000</timeshift>
   </channel>
</channels>
