!Max Actual BP,!Mean Actual BP,Beats per Second (1000ms),Cumulative Perfusion Grad,Current Perfusion Grad,Decision,EGM Kurtosis,EGM Mean,EGM STD,EGM Skewness,Per Cum. Kurtosis,Per Cum. Mean,Per Cum. STD,Per Cum. Skewness,Per Kurtosis,Per Mean,Per STD,Per Skewness,!BP,Per_similarity
1.037,0.16856666666666664,1.0,0.0,0.0,0.0,1.6447991763203804,0.006409758192411733,0.013539296975244626,1.845861494176771,0.0,0.0,0.0,0.0,0.0,0.0,0.0,0.0,,
1.037,0.3291166666666667,0.0,0.0,0.0,0.0,1.1490367846614005,0.01671689817816723,0.024463474648547257,1.399904617279242,0.0,0.0,0.0,0.0,0.0,0.0,0.0,0.0,,
1.247,0.5075625,1.0,0.0,0.0,0.0,0.15852503781805627,0.024641669516857336,0.028083212844253292,1.0210521118415377,0.0,0.0,0.0,0.0,0.0,0.0,0.0,0.0,,
1.247,0.6788758333333333,1.0,0.0,0.0,0.0,-0.09908455196897092,0.030786306833795785,0.027108780909061506,0.8067933663098227,0.0,0.0,0.0,0.0,0.0,0.0,0.0,0.0,,
1.247,0.8450083333333335,2.0,0.0,0.0,0.0,1.7664960804035363,0.060381468165236235,0.05894195128290682,1.6122986018395697,0.0,0.0,0.0,0.0,0.0,0.0,0.0,0.0,,
1.247,1.0086441666666668,2.0,33.83081734970905,53.276223700474596,0.0,1.8746779561328513,0.06052621355646667,0.058422663300318214,1.682767750212008,-1.4773997981761304,0.47161780066928294,0.33228523958943956,-0.5122102848883573,-0.2964361066461776,0.7004416040331828,0.1497821367922814,-1.1134995864122494,[135.46599636],
1.247,0.9979741666666666,2.0,47.17885689227532,51.45382234269401,0.0,-0.5532273312538525,0.08407113498781112,0.07457840981630795,0.9062644886916827,-1.4773997981761304,0.44158950742759034,0.3111283651031128,-0.5122102848883575,-0.2964361066461785,0.646596417491939,0.14024538495725095,-1.1134995864122497,[130.83215787],0.9319995318353085
1.247,1.01778,2.0,48.98629591453355,35.38173570272182,0.0,-0.5538148686024469,0.0799502141309632,0.07628539231816676,0.9902513965800847,-1.4773997981761313,0.24986921486172697,0.1760490206445293,-0.512210284888358,-0.2964361066461776,0.41968723843263434,0.07935651467668771,-1.1134995864122506,[89.96549956],0.9319995318353085
1.198,1.0057933333333333,2.0,48.98629591453355,35.38173570272182,0.0,-0.9930634037183115,0.09233709751948985,0.07589071592313548,0.677973835425781,-1.4773997981761313,0.24986921486172697,0.1760490206445293,-0.512210284888358,-0.2964361066461776,0.41968723843263434,0.07935651467668771,-1.1134995864122506,[89.96549956],0.9319995318353085
1.198,1.0072433333333333,2.0,48.98629591453355,35.38173570272182,0.0,-0.31169501498676366,0.07835626482186533,0.06866635439747884,0.996385406222503,-1.4773997981761313,0.24986921486172697,0.1760490206445293,-0.512210284888358,-0.2964361066461776,0.41968723843263434,0.07935651467668771,-1.1134995864122506,[89.96549956],0.9319995318353085
1.198,1.0059216666666664,2.0,48.98629591453355,35.38173570272182,0.0,-0.012002159944668023,0.076021077171243,0.0670175622035586,1.126600592144437,-1.4773997981761313,0.24986921486172697,0.1760490206445293,-0.512210284888358,-0.2964361066461776,0.41968723843263434,0.07935651467668771,-1.1134995864122506,[89.96549956],0.9319995318353085
1.198,1.0051083333333335,2.0,48.98629591453355,35.38173570272182,0.0,-0.8829109446569001,0.09704505037612085,0.07947899421900452,0.7059918626225749,-1.4773997981761313,0.24986921486172697,0.1760490206445293,-0.512210284888358,-0.2964361066461776,0.41968723843263434,0.07935651467668771,-1.1134995864122506,[89.96549956],0.9319995318353085
1.198,1.0303066666666667,2.0,48.98629591453355,35.38173570272182,0.0,-0.2673657239101157,0.08474180617743413,0.06544666230024641,0.9180742044578977,-1.4773997981761313,0.24986921486172697,0.1760490206445293,-0.512210284888358,-0.2964361066461776,0.41968723843263434,0.07935651467668771,-1.1134995864122506,[89.96549956],0.9319995318353085
1.19,1.0177183333333333,1.0,48.98629591453355,35.38173570272182,0.0,-0.4388328642460455,0.0973337606440206,0.06160193159578045,0.6564807485370239,-1.4773997981761313,0.24986921486172697,0.1760490206445293,-0.512210284888358,-0.2964361066461776,0.41968723843263434,0.07935651467668771,-1.1134995864122506,[89.96549956],0.9319995318353085
1.19,1.0244841666666666,2.0,48.98629591453355,35.38173570272182,0.0,0.7082725531337073,0.07806646416723607,0.061154080682035115,1.2298563850959028,-1.4773997981761313,0.24986921486172697,0.1760490206445293,-0.512210284888358,-0.2964361066461776,0.41968723843263434,0.07935651467668771,-1.1134995864122506,[89.96549956],0.9319995318353085
1.19,1.0181991666666665,2.0,48.98629591453355,35.38173570272182,0.0,0.8659521283922649,0.0857871905141449,0.0574670176632835,1.232502551771625,-1.4773997981761313,0.24986921486172697,0.1760490206445293,-0.512210284888358,-0.2964361066461776,0.41968723843263434,0.07935651467668771,-1.1134995864122506,[89.96549956],0.9319995318353085
1.19,1.020675,1.0,48.98629591453355,35.38173570272182,0.0,4.049188851901301,0.08742545291206305,0.062170334962750595,1.7418704970857142,-1.4773997981761313,0.24986921486172697,0.1760490206445293,-0.512210284888358,-0.2964361066461776,0.41968723843263434,0.07935651467668771,-1.1134995864122506,[89.96549956],0.9319995318353085
1.19,1.0282966666666666,2.0,48.98629591453355,35.38173570272182,0.0,0.8188423193384224,0.0682528927921031,0.048644921126405956,1.3582302383101448,-1.4773997981761313,0.24986921486172697,0.1760490206445293,-0.512210284888358,-0.2964361066461776,0.41968723843263434,0.07935651467668771,-1.1134995864122506,[89.96549956],0.9319995318353085
1.123,1.0062241666666667,2.0,48.98629591453355,35.38173570272182,0.0,-0.547743900028284,0.08813233014345807,0.06624978829387837,0.8740152579930869,-1.4773997981761313,0.24986921486172697,0.1760490206445293,-0.512210284888358,-0.2964361066461776,0.41968723843263434,0.07935651467668771,-1.1134995864122506,[89.96549956],0.9319995318353085
1.123,1.0014266666666667,2.0,48.98629591453355,35.38173570272182,0.0,-0.1383651106152337,0.08140404453754732,0.06618049151992235,1.1163851304330166,-1.4773997981761313,0.24986921486172697,0.1760490206445293,-0.512210284888358,-0.2964361066461776,0.41968723843263434,0.07935651467668771,-1.1134995864122506,[89.96549956],0.9319995318353085
1.123,0.9828808333333332,2.0,48.98629591453355,35.38173570272182,0.0,-0.9238183828157571,0.09471256862735353,0.06938937948743625,0.7185919639391352,-1.4773997981761313,0.24986921486172697,0.1760490206445293,-0.512210284888358,-0.2964361066461776,0.41968723843263434,0.07935651467668771,-1.1134995864122506,[89.96549956],0.9319995318353085
1.123,0.9736525,2.0,49.07391581938481,57.78517914505002,0.0,-0.6676190342639909,0.09091637143210247,0.0695961938290316,0.8718437732765402,-1.1863435665761104,0.6737224230627387,0.19995100355493312,-0.2409669022103074,-1.1863435665761104,0.61067921986271,0.19995100355493312,-0.2409669022103074,[178.5709642],0.9319995318353085
1.123,0.9623816666666668,2.0,49.07391581938481,57.78517914505002,0.0,-0.49195280262833396,0.08973348971666051,0.06853996823910583,0.9782595400170728,-1.1863435665761104,0.6737224230627387,0.19995100355493312,-0.2409669022103074,-1.1863435665761104,0.61067921986271,0.19995100355493312,-0.2409669022103074,[178.5709642],0.9319995318353085
1.023,0.9454941666666667,2.0,49.07391581938481,57.78517914505002,0.0,-1.0732333981940887,0.0992917420111268,0.06865420449516066,0.5988755556405905,-1.1863435665761104,0.6737224230627387,0.19995100355493312,-0.2409669022103074,-1.1863435665761104,0.61067921986271,0.19995100355493312,-0.2409669022103074,[178.5709642],0.9319995318353085
1.062,0.9486825000000001,2.0,50.28236751976884,14.62842369468388,0.0,-0.7959804791321932,0.08946017117074137,0.070142565083853,0.8450233345327068,0.4293483062923107,0.544349392011806,0.22201038161817288,-1.2213949417256251,-0.46979655399829623,0.6351147341916301,0.15669395576878156,-0.9725675789493708,16.78750384192143,0.9319995318353085
1.062,0.94152,1.0,43.22085098512588,15.479116728397083,0.0,-1.389624931868475,0.10947193294487803,0.0703992031340962,0.3721615070622336,1.148962344141097,0.6502942482331621,0.2518844140906803,-1.431418502917858,-0.5636592424162084,0.665481459739257,0.15899566375730403,-0.9341358682755735,[17.99596074],0.9319995318353085
1.08,0.9539491666666667,2.0,43.84205316063747,40.3321218699352,0.0,-0.5198246354453344,0.09012711067827535,0.06401769500291099,0.9553159643348657,-1.617579796690734,0.349281577633056,0.26995298280731367,-0.3465530085479754,-0.5792385525427233,0.6663321112799716,0.1107314720999401,-0.7533646746600693,[52.63777007],0.2327174331101216
1.08,0.9548958333333334,2.0,30.108022340076648,41.861868404981735,0.0,-0.8551078449956435,0.09909644776302184,0.06430585868105884,0.7405109492964237,-1.632452901296255,0.35996753226092015,0.2807511553241034,-0.3293872972053621,-0.591359183135205,0.6065326622077326,0.1152192142150844,-0.7540592339337137,[53.69228442],0.3523136525372774
1.08,0.9597258333333336,2.0,22.38277145329985,45.83223820654591,0.0,-0.3884729936171998,0.09806134848064049,0.06606819141721777,0.9294091916630662,-1.6324529012962554,0.4135712079585113,0.3225585199694482,-0.32938729720536186,-0.5913591831352067,0.6144675850616359,0.13237679882868747,-0.7540592339337117,[58.78470463],0.6971166410886669
1.08,0.9687866666666668,2.0,34.12226917005573,59.173258779288645,0.0,0.024835722482461353,0.09587885094980358,0.063460551302201,1.1554538958553426,-1.5321117030109306,0.4051771762148652,0.29412555848299976,-0.5596521060942227,0.05355362219236781,0.6663296004927267,0.08304869429661278,-1.0506756431171422,[77.67132245],0.8370816649398239
1.08,0.9610391666666668,1.0,43.17253057374926,59.49970127691312,0.0,-1.0280115469676223,0.1116418298503689,0.06894410526099397,0.6976255937613932,-1.5321117030109306,0.4104738346969981,0.29797050021615634,-0.5596521060942228,0.05355362219237758,0.6643050609257154,0.08413434422187646,-1.0506756431171491,[78.09981364],0.13819482653522475
1.08,0.9725966666666667,2.0,47.816156842924904,55.11642225650204,0.0,-0.1401732855065969,0.09627528619978631,0.06514879022335965,1.1111807259170392,-0.995881614147172,0.5454525723100537,0.33583420963377986,-0.792227603272951,-0.9838620044106325,0.6804921598415065,0.13104333906023366,-0.5182532006573592,[82.26806048],0.9703141153849439
1.079,0.9619683333333334,2.0,55.34609782820329,57.61639321671928,0.0,-0.3804257790002503,0.1025879340508051,0.06428511110159339,0.9053264918500992,-1.0790758101924924,0.5275521727186631,0.33081809173883225,-0.7060550423992489,-0.9241260467698202,0.6936300930699203,0.14602496949201454,-0.5563079707198607,85.99957558654862,0.8703882797784894
1.079,0.9581758333333334,2.0,59.27895918380818,64.1969220616904,0.0,0.6053174255747953,0.08438004830530217,0.047915713188386694,1.2127688369361294,-1.4633437751231078,0.2654281028813853,0.3446755801244444,0.6247166268762598,-0.8245120537028487,0.7045045564362669,0.13707080089103324,-0.8496352471050688,[93.41424321],0.9792830587792184
1.079,0.9491533333333333,2.0,57.36352866387274,45.60674464333837,0.0,0.7455907682014296,0.07850663766412577,0.04963131969576164,1.3094065846900105,-1.7172574664856775,0.3178684160945538,0.4010788318024982,0.49128976355888143,-0.9966502834787483,0.8057883304263833,0.06945186806708166,-0.7662975339452767,[66.36329904],0.987096233585649
1.079,0.9347949999999999,2.0,57.144704957245466,36.180196157852954,0.0,-0.10626929927031226,0.09240235128247057,0.06177196457502294,1.0237716335344451,-1.7506126427106217,0.3408738160697261,0.4300091843913565,0.47901397456767014,-1.040322431394291,0.7812837866017874,0.05001087065426568,-0.7416794796753887,[52.64653716],0.7525380858661913
1.079,0.9389299999999999,2.0,58.84615078305995,5.761824474029665,0.0,1.2736527835978029,0.0775546780649593,0.05850931604712951,1.4864415969694238,-1.5390577461813804,0.665910414967035,0.22400822975430432,-0.2160394190281307,-1.5390577461813804,0.7103122614409416,0.22400822975430432,-0.2160394190281307,[4.19207382],0.9660689491635616
1.037,0.9238841666666667,1.0,53.38859096213553,5.761824474029665,0.0,-0.686180656003105,0.09718459322884049,0.06654041814163535,0.7743133048877883,-1.5390577461813804,0.665910414967035,0.22400822975430432,-0.2160394190281307,-1.5390577461813804,0.6505077484531716,0.22400822975430432,-0.2160394190281307,[4.19207382],0.012447939793260643
1.046,0.9291558333333334,2.0,53.38859096213553,5.761824474029665,0.0,-0.540533706885526,0.08961318469757237,0.06905562474833984,0.96610924217035,-1.5390577461813804,0.665910414967035,0.22400822975430432,-0.2160394190281307,-1.5390577461813804,0.6505077484531716,0.22400822975430432,-0.2160394190281307,[4.19207382],0.012447939793260643
1.046,0.9301308333333332,2.0,53.38859096213553,5.761824474029665,0.0,-0.582841276702041,0.09370267990989334,0.06752449882548901,0.9008533938254986,-1.5390577461813804,0.665910414967035,0.22400822975430432,-0.2160394190281307,-1.5390577461813804,0.6505077484531716,0.22400822975430432,-0.2160394190281307,[4.19207382],0.012447939793260643
1.069,0.9368208333333333,2.0,53.38859096213553,5.761824474029665,0.0,-0.12557958591718066,0.09594911573583448,0.069883992869446,0.9500724041207502,-1.5390577461813804,0.665910414967035,0.22400822975430432,-0.2160394190281307,-1.5390577461813804,0.6505077484531716,0.22400822975430432,-0.2160394190281307,[4.19207382],0.012447939793260643
1.113,0.9571274999999999,2.0,36.86077408283628,39.504880698925575,0.0,-0.48694872513732657,0.08632302403176527,0.062189753505034036,1.0175873359823417,1.9409111483827095,0.8014159766186372,0.13867666655028468,-1.707351367798289,1.9409111483827095,0.7835183270746691,0.13867666655028468,-1.707351367798289,[189.04648069],0.8350250903896995
1.113,0.9554491666666665,2.0,36.86077408283628,39.504880698925575,0.0,-1.2463479500942296,0.10077107659412775,0.06974796610747508,0.6117685103377282,1.9409111483827095,0.8014159766186372,0.13867666655028468,-1.707351367798289,1.9409111483827095,0.7835183270746691,0.13867666655028468,-1.707351367798289,[189.04648069],0.8350250903896995
1.113,0.9635983333333333,2.0,36.86077408283628,39.504880698925575,0.0,-0.20190198659683345,0.08269570204167302,0.06436337305252013,1.1380383914681527,1.9409111483827095,0.8014159766186372,0.13867666655028468,-1.707351367798289,1.9409111483827095,0.7835183270746691,0.13867666655028468,-1.707351367798289,[189.04648069],0.8350250903896995
1.113,0.9532899999999999,2.0,36.86077408283628,39.504880698925575,0.0,-0.5355241336474315,0.08829301683569997,0.06470845215014878,0.9631484461549066,1.9409111483827095,0.8014159766186372,0.13867666655028468,-1.707351367798289,1.9409111483827095,0.7835183270746691,0.13867666655028468,-1.707351367798289,[189.04648069],0.8350250903896995
1.113,0.9483558333333334,2.0,22.381436476293853,44.322223135729566,0.0,-0.34389074902761685,0.09305056545496548,0.07315194912025937,1.0419922814499865,5.450240525623165,0.7264864200567093,0.22393678919467527,-2.51241999960401,-0.1509772030725962,0.7377447144461283,0.08648644123871957,-1.0243305513080267,[53.52350868],0.9325105100754733
1.113,0.9513583333333334,2.0,18.7449620352968,13.702143066756324,0.0,-0.2204858365627942,0.08575139449457128,0.07570849748270776,1.1226609181510059,-1.891831662758516,0.317929131856927,0.30641207605083626,-0.007443486416345418,-0.5051357979234092,0.7258998836957874,0.08408193830310874,-0.9370920311587417,9.763583991290513,0.49873359433565023
1.061,0.9358875000000001,1.0,41.466697592605684,13.702143066756324,0.0,-0.9861819484818106,0.10041097575490948,0.08288880177223211,0.7510987955411215,-1.891831662758516,0.317929131856927,0.30641207605083626,-0.007443486416345418,-0.5051357979234092,0.6721422592584922,0.08408193830310874,-0.9370920311587417,9.763583991290513,1.0
1.061,0.9307949999999999,2.0,43.67916151085535,14.062901343183823,0.0,-0.2859822722548504,0.08387766584754713,0.0764098485994813,1.0846619446478507,-1.891831662758516,0.32664113206176854,0.31480848204776163,-0.007443486416345803,-0.505135797923411,0.64242025069203,0.08638597964540949,-0.9370920311587396,10.020645511907588,0.862900175239685
1.061,0.9179583333333333,2.0,26.102798699295548,40.668192620950855,0.0,-0.9345982628714613,0.09514417237695386,0.07902218033918611,0.7246842117125721,-1.2741364552056529,0.48973044936627286,0.3248081752354351,-0.729183686962597,-0.4717770501085976,0.7156744636713209,0.09838117589746301,-1.0254955840364135,104.32253735630229,0.909722720596577
1.061,0.9209016666666667,2.0,15.99365422993774,23.207172013417292,0.0,-0.6430429134006288,0.08001227623512533,0.06959920123514143,0.9221082206564466,-0.7706715582175461,0.18350570069538097,0.31090247938839005,1.1063686380428719,-0.8219752994424727,0.6863167539333589,0.019903342569314458,-0.7615383431346232,11.836636141214905,-0.2850577291030969
1.061,0.9210241666666665,2.0,19.453501526996607,17.957694609804168,0.0,-0.5535828168098211,0.07765762561877079,0.06999007114414817,0.9813830079918539,-0.770671558217547,0.13871727091503727,0.23502018355858995,1.106368638042871,-0.8219752994424763,0.5735696338106027,0.015045512770666113,-0.7615383431346225,9.159181347404875,1.0
1.026,0.9052075,2.0,25.567478056282866,24.07374419411757,0.0,-1.0310520457409225,0.0921797769694552,0.07551447556077023,0.6467199166344684,-0.7441495895387802,0.1121827400652883,0.19027454270660613,1.1136698839594465,-0.7859154115733711,0.5951028599356245,0.021382793397133733,-0.7814303849901364,[12.4591925],0.9733285267845753
1.026,0.9019058333333335,2.0,17.818082916954463,49.653438258275685,0.0,-0.5738054203155825,0.07421875403021516,0.06742895305376367,0.9834425999917696,-1.0672865362857584,0.7188277600840074,0.1737317614729873,-0.41333055322669865,-1.0672865362857584,0.6449923075875502,0.1737317614729873,-0.41333055322669865,[177.2774283],0.66698146395523
1.026,0.8913849999999999,2.0,16.863970271420857,49.32817722494607,0.0,-1.384938445926487,0.09348385439234663,0.07370336643879115,0.4838345372623311,-1.0672865362857589,0.7106123158730112,0.1717461904178398,-0.41333055322669776,-1.0672865362857589,0.7169032127005991,0.1717461904178398,-0.41333055322669776,[176.11615042],-0.6687478781883922
1.026,0.8995941666666668,2.0,16.863970271420857,49.32817722494607,0.0,-0.5159923859000428,0.07329046574236245,0.06604016449128103,1.0133005287479264,-1.0672865362857589,0.7106123158730112,0.1717461904178398,-0.41333055322669776,-1.0672865362857589,0.7169032127005991,0.1717461904178398,-0.41333055322669776,[176.11615042],-0.6687478781883922
1.014,0.8936516666666667,2.0,22.097991699354345,51.677541982270505,0.0,0.4710645754347462,0.08892797529457706,0.07541480495072359,1.1035012811191176,-1.445811606631644,0.506013967918542,0.36008822372802834,-0.4089950127717623,-0.8448007731075182,0.7156307766298251,0.18538761791645444,-0.6488071078452003,[70.9332897],0.6771243444677049
1.035,0.9032466666666666,2.0,18.999365016659354,47.460216051940385,0.0,0.7164247428650117,0.09624992089297353,0.09838038199835082,1.3370680657663387,-1.4458116066316444,0.4358585565835263,0.3101644290224219,-0.408995012771762,-0.8448007731075182,0.580246453984528,0.15968487962081696,-0.6488071078452017,[65.14453137],0.7634704693938987
1.035,0.9069200000000001,2.0,18.999365016659354,47.460216051940385,0.0,1.306937324696059,0.08738568301345545,0.09696626248494102,1.535772536469738,-1.4458116066316444,0.4358585565835263,0.3101644290224219,-0.408995012771762,-0.8448007731075182,0.580246453984528,0.15968487962081696,-0.6488071078452017,[65.14453137],0.7634704693938987
1.035,0.9079525,2.0,18.999365016659354,47.460216051940385,0.0,0.053566228263048465,0.10475595960142485,0.10022918756980588,1.0330104960357593,-1.4458116066316444,0.4358585565835263,0.3101644290224219,-0.408995012771762,-0.8448007731075182,0.580246453984528,0.15968487962081696,-0.6488071078452017,[65.14453137],0.7634704693938987
1.16,0.9392025,2.0,18.999365016659354,47.460216051940385,0.0,1.2743595177578504,0.08389033923519554,0.0984905760042921,1.5361469738198732,-1.4458116066316444,0.4358585565835263,0.3101644290224219,-0.408995012771762,-0.8448007731075182,0.580246453984528,0.15968487962081696,-0.6488071078452017,[65.14453137],0.7634704693938987
1.16,0.9424866666666666,2.0,18.999365016659354,47.460216051940385,0.0,-0.08465524673567337,0.10426112827978383,0.10234828627521302,0.9926301496965977,-1.4458116066316444,0.4358585565835263,0.3101644290224219,-0.408995012771762,-0.8448007731075182,0.580246453984528,0.15968487962081696,-0.6488071078452017,[65.14453137],0.7634704693938987
1.16,0.9574324999999999,2.0,18.999365016659354,47.460216051940385,0.0,-0.43786349118654355,0.07246612785269337,0.07207543670628012,1.0506542435565216,-1.4458116066316444,0.4358585565835263,0.3101644290224219,-0.408995012771762,-0.8448007731075182,0.580246453984528,0.15968487962081696,-0.6488071078452017,[65.14453137],0.7634704693938987
1.16,0.9550308333333332,2.0,18.999365016659354,47.460216051940385,0.0,-0.6231596668831689,0.0784526341793041,0.07093133692475026,0.9200271173821024,-1.4458116066316444,0.4358585565835263,0.3101644290224219,-0.408995012771762,-0.8448007731075182,0.580246453984528,0.15968487962081696,-0.6488071078452017,[65.14453137],0.7634704693938987
1.16,0.9645600000000002,2.0,18.999365016659354,47.460216051940385,0.0,0.15041071737376432,0.09152541680766955,0.08510532929488929,1.0252065503968864,-1.4458116066316444,0.4358585565835263,0.3101644290224219,-0.408995012771762,-0.8448007731075182,0.580246453984528,0.15968487962081696,-0.6488071078452017,[65.14453137],0.7634704693938987
1.16,0.9791966666666667,2.0,18.999365016659354,47.460216051940385,0.0,-0.5251364402838776,0.07674440569156228,0.07553195804211238,1.0168833966057536,-1.4458116066316444,0.4358585565835263,0.3101644290224219,-0.408995012771762,-0.8448007731075182,0.580246453984528,0.15968487962081696,-0.6488071078452017,[65.14453137],0.7634704693938987
1.093,0.9618241666666666,2.0,18.999365016659354,47.460216051940385,0.0,-1.401061419255571,0.10079563920988587,0.08439312471581978,0.5053197039562094,-1.4458116066316444,0.4358585565835263,0.3101644290224219,-0.408995012771762,-0.8448007731075182,0.580246453984528,0.15968487962081696,-0.6488071078452017,[65.14453137],0.7634704693938987
1.093,0.9679308333333334,2.0,18.999365016659354,47.460216051940385,0.0,-0.43052391422534253,0.07874176699570785,0.07721926488450213,1.063198821776591,-1.4458116066316444,0.4358585565835263,0.3101644290224219,-0.408995012771762,-0.8448007731075182,0.580246453984528,0.15968487962081696,-0.6488071078452017,[65.14453137],0.7634704693938987
1.093,0.9607074999999999,2.0,18.999365016659354,47.460216051940385,0.0,-0.7908581000897428,0.09034575749462931,0.07531065800368975,0.7655027476525949,-1.4458116066316444,0.4358585565835263,0.3101644290224219,-0.408995012771762,-0.8448007731075182,0.580246453984528,0.15968487962081696,-0.6488071078452017,[65.14453137],0.7634704693938987
1.093,0.9681449999999999,2.0,18.999365016659354,47.460216051940385,0.0,0.658334919030914,0.06777597505393691,0.06600224331405044,1.3278868451384713,-1.4458116066316444,0.4358585565835263,0.3101644290224219,-0.408995012771762,-0.8448007731075182,0.580246453984528,0.15968487962081696,-0.6488071078452017,[65.14453137],0.7634704693938987
1.093,0.9666891666666667,2.0,18.999365016659354,47.460216051940385,0.0,0.029383003700504506,0.07241991647496658,0.06975993482300433,1.1390785365957907,-1.4458116066316444,0.4358585565835263,0.3101644290224219,-0.408995012771762,-0.8448007731075182,0.580246453984528,0.15968487962081696,-0.6488071078452017,[65.14453137],0.7634704693938987
1.06,0.9584216666666666,2.0,40.97106152517545,61.05895001697274,0.0,0.08531719739859822,0.07224648599586088,0.07155841358629599,1.1420896055403826,-0.9857624709891617,0.6710932918416778,0.2592352229686628,-0.5190326992312877,-0.9857624709891617,0.6101104491668387,0.2592352229686628,-0.5190326992312877,[204.25907183],0.15579833329690462
1.06,0.9295308333333332,2.0,40.97106152517545,61.05895001697274,0.0,0.6436517958891836,0.05893595074146988,0.058465042432041835,1.3432203687770596,-0.9857624709891617,0.6710932918416778,0.2592352229686628,-0.5190326992312877,-0.9857624709891617,0.6101104491668387,0.2592352229686628,-0.5190326992312877,[204.25907183],0.15579833329690462
1.06,0.9094541666666665,2.0,40.97106152517545,61.05895001697274,0.0,-0.889961509203387,0.07266858568703438,0.06634980183134759,0.7924946691730989,-0.9857624709891617,0.6710932918416778,0.2592352229686628,-0.5190326992312877,-0.9857624709891617,0.6101104491668387,0.2592352229686628,-0.5190326992312877,[204.25907183],0.15579833329690462
1.06,0.9000083333333333,2.0,40.97106152517545,61.05895001697274,0.0,0.16301326900416147,0.05920741536132075,0.06346876223769654,1.270160427031176,-0.9857624709891617,0.6710932918416778,0.2592352229686628,-0.5190326992312877,-0.9857624709891617,0.6101104491668387,0.2592352229686628,-0.5190326992312877,[204.25907183],0.15579833329690462
1.008,0.8605058333333333,2.0,40.97106152517545,61.05895001697274,0.0,-0.8605720765433227,0.07090027322084841,0.07067721585062521,0.8489908838504554,-0.9857624709891617,0.6710932918416778,0.2592352229686628,-0.5190326992312877,-0.9857624709891617,0.6101104491668387,0.2592352229686628,-0.5190326992312877,[204.25907183],0.15579833329690462
1.409,0.8890608333333334,2.0,40.97106152517545,61.05895001697274,0.0,-0.06393862355626734,0.06444147889068555,0.0673251266893796,1.1578122691600925,-0.9857624709891617,0.6710932918416778,0.2592352229686628,-0.5190326992312877,-0.9857624709891617,0.6101104491668387,0.2592352229686628,-0.5190326992312877,[204.25907183],0.15579833329690462
1.409,0.9001374999999999,2.0,43.096887134662914,6.250429163225421,0.0,-0.05904806133173812,0.06306234351095831,0.06798532125175405,1.166772664043132,-1.6593865007467745,0.2529417838568766,0.33726280571501666,0.583464747970013,-1.219325067216144,0.7141431241758617,0.0036457627063280935,-0.09202174595501748,[4.03186008],0.9884389222822537
1.409,0.9212275,2.0,45.66229818515284,9.749987937510898,0.0,0.48463209141289454,0.05863760305271369,0.06485270684457178,1.3249276748723295,-1.6585214664283667,0.20995236352655788,0.27995756184941845,0.5838035186638935,-1.2165770906395201,0.7199140163541337,0.005725423156265837,-0.09740253608231732,[6.28926209],0.5932768957128791
1.409,0.9171916666666667,2.0,46.87847432498479,40.19267647663811,0.0,0.5265389830161773,0.05915715686259567,0.06439908442832303,1.3438352974898464,-1.3410286106226272,0.06160623658110876,0.08400737031781663,0.7123986171923201,-1.0355281810749268,0.5603631130111245,0.029344117538001646,-0.30781333867937244,[25.9264194],0.839040876276636
1.409,0.910985,2.0,33.00830381018019,9.483027336459454,0.0,-0.31338923578047195,0.07407242236950577,0.0739784295816354,1.009716779647696,-1.6586448281772719,0.21545074060703412,0.2872870592601229,0.5837551963243396,-1.216890058402656,0.7113343268487683,0.005565095005815051,-0.09679877632107836,[6.11705827],0.6359626865989748
1.409,0.96312,2.0,33.00830381018019,9.483027336459454,0.0,1.3526768366583113,0.06041381756851213,0.06977512112560781,1.5760420311239727,-1.6586448281772719,0.21545074060703412,0.2872870592601229,0.5837551963243396,-1.216890058402656,0.7113343268487683,0.005565095005815051,-0.09679877632107836,[6.11705827],0.6359626865989748
1.302,0.9484841666666667,2.0,33.00830381018019,9.483027336459454,0.0,1.341816680586664,0.061261926850118685,0.0695143718458302,1.562499388126808,-1.6586448281772719,0.21545074060703412,0.2872870592601229,0.5837551963243396,-1.216890058402656,0.7113343268487683,0.005565095005815051,-0.09679877632107836,[6.11705827],0.6359626865989748
1.176,0.9539108333333334,2.0,33.00830381018019,9.483027336459454,0.0,-0.5044724111913226,0.07864574199086821,0.08274372568482079,1.0046624935004533,-1.6586448281772719,0.21545074060703412,0.2872870592601229,0.5837551963243396,-1.216890058402656,0.7113343268487683,0.005565095005815051,-0.09679877632107836,[6.11705827],0.6359626865989748
1.176,0.9842091666666666,2.0,33.00830381018019,9.483027336459454,0.0,-0.19548404849781376,0.07319867548843192,0.07879909989124582,1.1348945869042566,-1.6586448281772719,0.21545074060703412,0.2872870592601229,0.5837551963243396,-1.216890058402656,0.7113343268487683,0.005565095005815051,-0.09679877632107836,[6.11705827],0.6359626865989748
1.176,1.0176008333333335,2.0,33.00830381018019,9.483027336459454,0.0,-0.8804772224464945,0.08478098198745408,0.08091935638088184,0.7889576123843544,-1.6586448281772719,0.21545074060703412,0.2872870592601229,0.5837551963243396,-1.216890058402656,0.7113343268487683,0.005565095005815051,-0.09679877632107836,[6.11705827],0.6359626865989748
1.176,1.047695,2.0,33.00830381018019,9.483027336459454,0.0,-0.5590000877070902,0.07237466210645384,0.07371687336949234,1.0006970280837113,-1.6586448281772719,0.21545074060703412,0.2872870592601229,0.5837551963243396,-1.216890058402656,0.7113343268487683,0.005565095005815051,-0.09679877632107836,[6.11705827],0.6359626865989748
1.135,1.0337016666666667,2.0,33.00830381018019,9.483027336459454,0.0,-0.5337624270033596,0.07458073049208916,0.07232449375020517,1.0045198162952615,-1.6586448281772719,0.21545074060703412,0.2872870592601229,0.5837551963243396,-1.216890058402656,0.7113343268487683,0.005565095005815051,-0.09679877632107836,[6.11705827],0.6359626865989748
1.135,1.0185966666666666,2.0,33.00830381018019,9.483027336459454,0.0,-1.1925459146175055,0.08937298609489877,0.0779550721421441,0.6252156265531968,-1.6586448281772719,0.21545074060703412,0.2872870592601229,0.5837551963243396,-1.216890058402656,0.7113343268487683,0.005565095005815051,-0.09679877632107836,[6.11705827],0.6359626865989748
1.135,1.0166958333333331,2.0,33.00830381018019,9.483027336459454,0.0,-0.5602205731014975,0.07499717926850788,0.07358222590467466,1.0012108092736915,-1.6586448281772719,0.21545074060703412,0.2872870592601229,0.5837551963243396,-1.216890058402656,0.7113343268487683,0.005565095005815051,-0.09679877632107836,[6.11705827],0.6359626865989748
1.119,0.9947816666666667,2.0,33.00830381018019,9.483027336459454,0.0,-1.2966157542763714,0.09221734390046185,0.080060127322667,0.5572129729557992,-1.6586448281772719,0.21545074060703412,0.2872870592601229,0.5837551963243396,-1.216890058402656,0.7113343268487683,0.005565095005815051,-0.09679877632107836,[6.11705827],0.6359626865989748
1.119,0.9828916666666667,2.0,33.00830381018019,9.483027336459454,0.0,-0.5436510409818562,0.07370218600087038,0.0747288446434032,1.0087574128509222,-1.6586448281772719,0.21545074060703412,0.2872870592601229,0.5837551963243396,-1.216890058402656,0.7113343268487683,0.005565095005815051,-0.09679877632107836,[6.11705827],0.6359626865989748
1.119,0.9707125,2.0,33.00830381018019,9.483027336459454,0.0,-0.541540777982342,0.07585049647989835,0.07370177513721948,0.9851743564852731,-1.6586448281772719,0.21545074060703412,0.2872870592601229,0.5837551963243396,-1.216890058402656,0.7113343268487683,0.005565095005815051,-0.09679877632107836,[6.11705827],0.6359626865989748
1.119,0.9646425,2.0,33.00830381018019,9.483027336459454,0.0,-1.1606102213490195,0.08827834378745102,0.07964539532176985,0.6391596906349616,-1.6586448281772719,0.21545074060703412,0.2872870592601229,0.5837551963243396,-1.216890058402656,0.7113343268487683,0.005565095005815051,-0.09679877632107836,[6.11705827],0.6359626865989748
1.137,0.9836174999999999,2.0,13.771234523318055,9.177570778747503,0.0,-0.5754809799146097,0.07624308658345717,0.07680300196348022,0.9947266685017445,-0.9255133491611023,0.5241619481382425,0.11096664759225414,-0.7104142256533253,-0.9255133491611023,0.5757808374810868,0.11096664759225414,-0.7104142256533253,[6.33304733],-0.7095262565423537
1.137,0.9725816666666667,1.0,24.30755002914916,8.621010097411945,0.0,-1.263699869939514,0.09108131885952771,0.08222100809084701,0.6266222304460011,-0.9996782218948765,0.4883047398556648,0.1067182093130546,-0.6758750078963174,-0.9996782218948765,0.49641598974212303,0.1067182093130546,-0.6758750078963174,[5.94898871],0.7952420272473819
1.137,0.9716916666666666,2.0,24.30755002914916,8.621010097411945,0.0,-0.4358014347626762,0.07436848876555972,0.07338543094004679,1.0399867924247792,-0.9996782218948765,0.4883047398556648,0.1067182093130546,-0.6758750078963174,-0.9996782218948765,0.49641598974212303,0.1067182093130546,-0.6758750078963174,[5.94898871],0.7952420272473819
1.137,0.9584491666666668,2.0,24.30755002914916,8.621010097411945,0.0,-0.42897736971711664,0.07753248010301224,0.07181634079892879,1.0171830459040023,-0.9996782218948765,0.4883047398556648,0.1067182093130546,-0.6758750078963174,-0.9996782218948765,0.49641598974212303,0.1067182093130546,-0.6758750078963174,[5.94898871],0.7952420272473819
1.137,0.9377891666666665,2.0,24.30755002914916,8.621010097411945,0.0,-0.07197155231643393,0.08917326143852279,0.08234954072599264,0.9832571535506132,-0.9996782218948765,0.4883047398556648,0.1067182093130546,-0.6758750078963174,-0.9996782218948765,0.49641598974212303,0.1067182093130546,-0.6758750078963174,[5.94898871],0.7952420272473819
1.177,0.9476991666666666,2.0,24.30755002914916,8.621010097411945,0.0,-0.4908620338508034,0.08282199793895309,0.06956904917026493,0.9072044312389739,-0.9996782218948765,0.4883047398556648,0.1067182093130546,-0.6758750078963174,-0.9996782218948765,0.49641598974212303,0.1067182093130546,-0.6758750078963174,[5.94898871],0.7952420272473819
1.177,0.9176133333333333,1.0,24.30755002914916,8.621010097411945,0.0,-1.1256174688342437,0.1071342312929723,0.07933802679008393,0.49051191008506684,-0.9996782218948765,0.4883047398556648,0.1067182093130546,-0.6758750078963174,-0.9996782218948765,0.49641598974212303,0.1067182093130546,-0.6758750078963174,[5.94898871],0.7952420272473819
1.177,0.9191225,2.0,24.30755002914916,8.621010097411945,0.0,-0.708182295280436,0.09717449921786517,0.07880934763815398,0.7819427443577454,-0.9996782218948765,0.4883047398556648,0.1067182093130546,-0.6758750078963174,-0.9996782218948765,0.49641598974212303,0.1067182093130546,-0.6758750078963174,[5.94898871],0.7952420272473819
1.177,0.9107216666666667,2.0,20.839348839638745,42.24159824795322,0.0,-0.5270026351883952,0.10442418889145556,0.0728511052113092,0.8963900618958519,-1.6174163444493126,0.537143276456013,0.4111241458379921,-0.3848675133408949,-0.6132608364512468,0.7367331024017728,0.1591494125780379,-0.8473924787901116,[52.59513732],-1.4079725556704248
1.177,0.9215116666666665,2.0,12.564650797889964,49.69961709844848,0.0,0.425368083598451,0.11025784101482386,0.07752591238946581,1.0263861407521178,-1.7286533053250681,0.4908886098017732,0.40609654115380334,-0.14328705887615317,-0.1814481776671606,0.7224918118933472,0.23968750933068703,-1.0397771778470306,[61.88113837],0.2859411687680109
1.253,0.9683683333333333,2.0,16.29112283059555,49.69961709844848,0.0,-0.2314966277638435,0.09048916376427799,0.07281209251058397,1.0550722873898033,-1.7286533053250681,0.4908886098017732,0.40609654115380334,-0.14328705887615317,-0.1814481776671606,0.763044674178603,0.23968750933068703,-1.0397771778470306,[61.88113837],0.4001339369237802
1.253,0.9557541666666667,2.0,16.29112283059555,49.69961709844848,0.0,-1.1913259095672089,0.1083866285913913,0.08141854731736736,0.6130076982936129,-1.7286533053250681,0.4908886098017732,0.40609654115380334,-0.14328705887615317,-0.1814481776671606,0.763044674178603,0.23968750933068703,-1.0397771778470306,[61.88113837],0.4001339369237802
1.253,0.9755283333333333,2.0,16.29112283059555,49.69961709844848,0.0,0.028942669172396407,0.0819851153398241,0.06819855632636729,1.190508351543207,-1.7286533053250681,0.4908886098017732,0.40609654115380334,-0.14328705887615317,-0.1814481776671606,0.763044674178603,0.23968750933068703,-1.0397771778470306,[61.88113837],0.4001339369237802
1.253,0.9575491666666667,2.0,33.3225901133917,53.349030761529235,0.0,-0.5374410207696863,0.09463237640528578,0.06719331466567764,0.8264151993765341,-1.0224505058153428,0.6761528917528664,0.2938599706625538,-0.567717313622902,-1.0224505058153428,0.6170786012617789,0.2938599706625538,-0.567717313622902,[164.86213253],0.9343578366360576
1.253,0.9565791666666666,2.0,33.3225901133917,53.349030761529235,0.0,-0.043466384953351866,0.08755691754561738,0.06567388081512185,1.058011771771775,-1.0224505058153428,0.6761528917528664,0.2938599706625538,-0.567717313622902,-1.0224505058153428,0.6170786012617789,0.2938599706625538,-0.567717313622902,[164.86213253],0.9343578366360576
1.253,0.9426133333333333,2.0,33.3225901133917,53.349030761529235,0.0,0.10502585342412285,0.08515506913636847,0.06569235620893375,1.130430741623389,-1.0224505058153428,0.6761528917528664,0.2938599706625538,-0.567717313622902,-1.0224505058153428,0.6170786012617789,0.2938599706625538,-0.567717313622902,[164.86213253],0.9343578366360576
1.098,0.8919366666666667,2.0,33.3225901133917,53.349030761529235,0.0,-0.6395091799606365,0.10469113742058363,0.0803083784553969,0.8078813520522269,-1.0224505058153428,0.6761528917528664,0.2938599706625538,-0.567717313622902,-1.0224505058153428,0.6170786012617789,0.2938599706625538,-0.567717313622902,[164.86213253],0.9343578366360576
1.098,0.8845258333333333,2.0,48.44866944038149,52.53304451603086,0.0,0.147081903888846,0.08822696334061751,0.06817982969947475,1.1504088444697398,-0.6727334064747623,0.7314317441202999,0.25969499742469043,-0.8409301699367171,-0.6727334064747623,0.694521468766077,0.25969499742469043,-0.8409301699367171,[246.26900272],0.9406781679741639
1.012,0.8545091666666668,2.0,48.44866944038149,52.53304451603086,0.0,-0.07095904598148639,0.09063598381179577,0.06870307594963804,1.039783606786216,-0.6727334064747623,0.7314317441202999,0.25969499742469043,-0.8409301699367171,-0.6727334064747623,0.694521468766077,0.25969499742469043,-0.8409301699367171,[246.26900272],0.9406781679741639
1.015,0.8515675,2.0,48.44866944038149,52.53304451603086,0.0,0.7181119868791677,0.0829754456378999,0.06607718046356881,1.318971754485716,-0.6727334064747623,0.7314317441202999,0.25969499742469043,-0.8409301699367171,-0.6727334064747623,0.694521468766077,0.25969499742469043,-0.8409301699367171,[246.26900272],0.9406781679741639
1.028,0.8521075,2.0,52.096373784858805,20.382501719881862,0.0,0.6668597917765751,0.0822226692308024,0.06663852126637318,1.2990037395952965,-0.9087538866219584,0.6341137251037956,0.38437862387511923,-1.0259809313721373,-1.4076765440133066,0.8514657302568533,0.03999679761128061,-0.31568292130003567,[44.79425021],0.9057735996911436
1.028,0.8412025,1.0,54.22164386695223,45.53870858282577,0.0,0.7839764261942861,0.07751873568910647,0.05472433547927915,1.1637430073659962,-1.088269541881219,0.49676802309709234,0.31455068848090445,-0.768683518336356,-1.321979432370858,0.7012076469496934,0.11073118829923556,-0.40896390426279083,[100.07958467],1.0
1.028,0.8389316666666667,2.0,54.22164386695223,45.53870858282577,0.0,-0.3059194262099245,0.06727374629078077,0.039261053273117526,0.8311694660464716,-1.088269541881219,0.49676802309709234,0.31455068848090445,-0.768683518336356,-1.321979432370858,0.7012076469496934,0.11073118829923556,-0.40896390426279083,[100.07958467],1.0
1.028,0.81647,1.0,54.22164386695223,45.53870858282577,0.0,3.6927000889059522,0.0990530507809397,0.08546967323005185,2.0047491288713783,-1.088269541881219,0.49676802309709234,0.31455068848090445,-0.768683518336356,-1.321979432370858,0.7012076469496934,0.11073118829923556,-0.40896390426279083,[100.07958467],1.0
1.028,0.8116891666666667,2.0,54.22164386695223,45.53870858282577,0.0,3.615712445949926,0.08784460345276812,0.0899409286477937,2.097447756534269,-1.088269541881219,0.49676802309709234,0.31455068848090445,-0.768683518336356,-1.321979432370858,0.7012076469496934,0.11073118829923556,-0.40896390426279083,[100.07958467],1.0
1.028,0.7942216666666667,2.0,54.22164386695223,45.53870858282577,0.0,3.5716958978754363,0.08918706967978786,0.08966132794708277,2.0812129679385603,-1.088269541881219,0.49676802309709234,0.31455068848090445,-0.768683518336356,-1.321979432370858,0.7012076469496934,0.11073118829923556,-0.40896390426279083,[100.07958467],1.0
0.97,0.7753983333333334,2.0,54.22164386695223,45.53870858282577,0.0,0.6712030125655981,0.10970064577813005,0.09930036976661571,1.288819387082922,-1.088269541881219,0.49676802309709234,0.31455068848090445,-0.768683518336356,-1.321979432370858,0.7012076469496934,0.11073118829923556,-0.40896390426279083,[100.07958467],1.0
1.026,0.7869083333333333,2.0,54.22164386695223,45.53870858282577,0.0,1.291060569185424,0.09336607187877327,0.09967300032406366,1.5260159971862306,-1.088269541881219,0.49676802309709234,0.31455068848090445,-0.768683518336356,-1.321979432370858,0.7012076469496934,0.11073118829923556,-0.40896390426279083,[100.07958467],1.0
1.026,0.7874033333333333,1.0,54.22164386695223,45.53870858282577,0.0,1.346157992350646,0.09921485543330145,0.09919813798873078,1.4878118445917672,-1.088269541881219,0.49676802309709234,0.31455068848090445,-0.768683518336356,-1.321979432370858,0.7012076469496934,0.11073118829923556,-0.40896390426279083,[100.07958467],1.0
1.026,0.7977566666666667,2.0,54.22164386695223,45.53870858282577,0.0,1.1285338985490654,0.06935390184508629,0.056830073039743814,1.383374985947308,-1.088269541881219,0.49676802309709234,0.31455068848090445,-0.768683518336356,-1.321979432370858,0.7012076469496934,0.11073118829923556,-0.40896390426279083,[100.07958467],1.0
1.026,0.7989408333333333,2.0,54.22164386695223,45.53870858282577,0.0,0.0013184223425510844,0.08467438172574264,0.06113781418814255,1.0394752307521724,-1.088269541881219,0.49676802309709234,0.31455068848090445,-0.768683518336356,-1.321979432370858,0.7012076469496934,0.11073118829923556,-0.40896390426279083,[100.07958467],1.0
1.026,0.8206383333333334,2.0,54.22164386695223,45.53870858282577,0.0,0.5166971131417721,0.07687865055022,0.056696123283012816,1.1643983774138031,-1.088269541881219,0.49676802309709234,0.31455068848090445,-0.768683518336356,-1.321979432370858,0.7012076469496934,0.11073118829923556,-0.40896390426279083,[100.07958467],1.0
1.026,0.8328466666666667,2.0,54.22164386695223,45.53870858282577,0.0,1.1771274225597859,0.07153717251886468,0.05522500148036849,1.4018896150910654,-1.088269541881219,0.49676802309709234,0.31455068848090445,-0.768683518336356,-1.321979432370858,0.7012076469496934,0.11073118829923556,-0.40896390426279083,[100.07958467],1.0
1.021,0.8216383333333335,2.0,54.22164386695223,45.53870858282577,0.0,-0.5118094736895342,0.09345025715218458,0.0746560914795392,0.9033363831536907,-1.088269541881219,0.49676802309709234,0.31455068848090445,-0.768683518336356,-1.321979432370858,0.7012076469496934,0.11073118829923556,-0.40896390426279083,[100.07958467],1.0
1.021,0.8364408333333334,2.0,54.22164386695223,45.53870858282577,0.0,-0.40945777413470497,0.08436088965182173,0.07794024803520008,1.0232841555819652,-1.088269541881219,0.49676802309709234,0.31455068848090445,-0.768683518336356,-1.321979432370858,0.7012076469496934,0.11073118829923556,-0.40896390426279083,[100.07958467],1.0
1.021,0.8392208333333334,2.0,54.22164386695223,45.53870858282577,0.0,-0.5849157899693487,0.09125980981814635,0.07689684859787309,0.8808113356143684,-1.088269541881219,0.49676802309709234,0.31455068848090445,-0.768683518336356,-1.321979432370858,0.7012076469496934,0.11073118829923556,-0.40896390426279083,[100.07958467],1.0
1.021,0.8494,2.0,54.22164386695223,45.53870858282577,0.0,1.9262639641801593,0.0688241761241526,0.06628381789983875,1.6794211369343883,-1.088269541881219,0.49676802309709234,0.31455068848090445,-0.768683518336356,-1.321979432370858,0.7012076469496934,0.11073118829923556,-0.40896390426279083,[100.07958467],1.0
1.007,0.8410216666666667,2.0,54.22164386695223,45.53870858282577,0.0,1.2466644629390533,0.07744078569168451,0.06725639706382043,1.4745717503110305,-1.088269541881219,0.49676802309709234,0.31455068848090445,-0.768683518336356,-1.321979432370858,0.7012076469496934,0.11073118829923556,-0.40896390426279083,[100.07958467],1.0
0.959,0.845215,1.0,54.22164386695223,45.53870858282577,0.0,1.5657929274391318,0.09830399507299331,0.1050817960841435,1.6606271917672215,-1.088269541881219,0.49676802309709234,0.31455068848090445,-0.768683518336356,-1.321979432370858,0.7012076469496934,0.11073118829923556,-0.40896390426279083,[100.07958467],1.0
0.959,0.8494616666666667,2.0,54.22164386695223,45.53870858282577,0.0,3.4015345601137383,0.08131858549895062,0.09577939428197947,2.1139058554525145,-1.088269541881219,0.49676802309709234,0.31455068848090445,-0.768683518336356,-1.321979432370858,0.7012076469496934,0.11073118829923556,-0.40896390426279083,[100.07958467],1.0
0.956,0.8418275,1.0,54.22164386695223,45.53870858282577,0.0,1.2755191508851382,0.101761447729121,0.09926179886348267,1.444641348995403,-1.088269541881219,0.49676802309709234,0.31455068848090445,-0.768683518336356,-1.321979432370858,0.7012076469496934,0.11073118829923556,-0.40896390426279083,[100.07958467],1.0
1.146,0.8736024999999998,2.0,54.22164386695223,45.53870858282577,0.0,1.3073866900730726,0.09403337069809271,0.10192042048831496,1.5169416276803902,-1.088269541881219,0.49676802309709234,0.31455068848090445,-0.768683518336356,-1.321979432370858,0.7012076469496934,0.11073118829923556,-0.40896390426279083,[100.07958467],1.0
1.146,0.8801175000000001,2.0,54.22164386695223,45.53870858282577,0.0,0.34994854901443917,0.11248006466107306,0.10475446005488769,1.1844173674119074,-1.088269541881219,0.49676802309709234,0.31455068848090445,-0.768683518336356,-1.321979432370858,0.7012076469496934,0.11073118829923556,-0.40896390426279083,[100.07958467],1.0
1.146,0.8918825,2.0,54.22164386695223,45.53870858282577,0.0,1.1366269616514115,0.09497581835407354,0.09814035578984906,1.4580099938567488,-1.088269541881219,0.49676802309709234,0.31455068848090445,-0.768683518336356,-1.321979432370858,0.7012076469496934,0.11073118829923556,-0.40896390426279083,[100.07958467],1.0
1.146,0.8901883333333335,2.0,54.22164386695223,45.53870858282577,0.0,1.2428817608868323,0.09825988801859717,0.09617043266670679,1.4838329126601266,-1.088269541881219,0.49676802309709234,0.31455068848090445,-0.768683518336356,-1.321979432370858,0.7012076469496934,0.11073118829923556,-0.40896390426279083,[100.07958467],1.0
1.146,0.8915466666666667,2.0,54.22164386695223,45.53870858282577,0.0,0.3043116441173197,0.11213958711221966,0.09804561594773918,1.0986191524936681,-1.088269541881219,0.49676802309709234,0.31455068848090445,-0.768683518336356,-1.321979432370858,0.7012076469496934,0.11073118829923556,-0.40896390426279083,[100.07958467],1.0
1.146,0.9132841666666665,2.0,54.22164386695223,45.53870858282577,0.0,0.8107347569932202,0.09987277565974599,0.09887566333919663,1.3635929846121082,-1.088269541881219,0.49676802309709234,0.31455068848090445,-0.768683518336356,-1.321979432370858,0.7012076469496934,0.11073118829923556,-0.40896390426279083,[100.07958467],1.0
1.08,0.88987,2.0,54.22164386695223,45.53870858282577,0.0,0.4148467843265409,0.10902891158430779,0.09870822376583273,1.1656527165664528,-1.088269541881219,0.49676802309709234,0.31455068848090445,-0.768683518336356,-1.321979432370858,0.7012076469496934,0.11073118829923556,-0.40896390426279083,[100.07958467],1.0
1.08,0.8973275000000001,2.0,54.22164386695223,45.53870858282577,0.0,-0.4145181615071194,0.08407977018978478,0.07105403490157336,1.03936956195662,-1.088269541881219,0.49676802309709234,0.31455068848090445,-0.768683518336356,-1.321979432370858,0.7012076469496934,0.11073118829923556,-0.40896390426279083,[100.07958467],1.0
1.08,0.9038008333333335,2.0,54.22164386695223,45.53870858282577,0.0,-0.40647694431692694,0.08747247826986168,0.0693611624478322,1.014268243069973,-1.088269541881219,0.49676802309709234,0.31455068848090445,-0.768683518336356,-1.321979432370858,0.7012076469496934,0.11073118829923556,-0.40896390426279083,[100.07958467],1.0
1.08,0.9112474999999999,2.0,54.22164386695223,45.53870858282577,0.0,-0.936123906820046,0.09285420640698795,0.07075133100110079,0.7417457315615406,-1.088269541881219,0.49676802309709234,0.31455068848090445,-0.768683518336356,-1.321979432370858,0.7012076469496934,0.11073118829923556,-0.40896390426279083,[100.07958467],1.0
1.08,0.9294241666666666,2.0,44.983918884119866,15.872283368538879,0.0,-0.20184916371491202,0.08013690545396286,0.06950707675466473,1.1372636405101861,-1.925878377878243,0.11963782599672779,0.12790495255521878,0.1593804540959227,-1.0603441317869353,0.40384931326699586,0.021598328169903376,-0.36904857404120905,[18.09589884],0.5930970532909117
1.065,0.9217141666666667,2.0,40.83060434035461,22.250841768853235,0.0,-1.1588553692085652,0.09912317827477793,0.07648239645112682,0.6285785217323937,-1.9258783778782427,0.17214642404666414,0.1840419617859102,0.15938045409592308,-1.060344131786938,0.4554493787111016,0.031077754287652217,-0.36904857404120195,25.368056535820987,0.8145638060823811
1.066,0.9386141666666666,2.0,29.544561269232677,26.404064997707113,0.0,-0.3768604907035029,0.0815997611471965,0.06983350179224483,1.0644447534817922,-1.9258783778782431,0.23227093944720695,0.24832115798195462,0.1593804540959229,-1.060344131786936,0.5596351842444851,0.04193208905893801,-0.3690485740412071,[33.469919],0.8989378023563519
1.066,0.9356708333333332,2.0,33.08220773407484,26.69558650704563,0.0,-0.7081701838435337,0.0922388386948244,0.06765672554050836,0.821953428165983,-1.9258783778782433,0.21158177249026933,0.22620234316742893,0.15938045409592214,-1.0603441317869353,0.5630311059820813,0.038197054476229404,-0.3690485740412084,30.435484410104443,0.7235214514202749
1.066,0.9326041666666667,2.0,33.08220773407484,26.69558650704563,0.0,1.7180289223758969,0.08578836257549786,0.07285839991954611,1.442140240801356,-1.9258783778782433,0.21158177249026933,0.22620234316742893,0.15938045409592214,-1.0603441317869353,0.5630311059820813,0.038197054476229404,-0.3690485740412084,30.435484410104443,0.7235214514202749
1.066,0.9291433333333335,2.0,33.08220773407484,26.69558650704563,0.0,0.5549329200643527,0.07121896532094774,0.06180541500371632,1.3219995880066573,-1.9258783778782433,0.21158177249026933,0.22620234316742893,0.15938045409592214,-1.0603441317869353,0.5630311059820813,0.038197054476229404,-0.3690485740412084,30.435484410104443,0.7235214514202749
1.066,0.9163775000000001,1.0,33.08220773407484,26.69558650704563,0.0,-0.4442336212472089,0.08296478326289965,0.061509875890849226,0.8612446960854407,-1.9258783778782433,0.21158177249026933,0.22620234316742893,0.15938045409592214,-1.0603441317869353,0.5630311059820813,0.038197054476229404,-0.3690485740412084,30.435484410104443,0.7235214514202749
1.312,0.9534758333333334,2.0,33.08220773407484,26.69558650704563,0.0,-0.7281448879277752,0.06556782329862197,0.04655641025220983,0.8612920216908335,-1.9258783778782433,0.21158177249026933,0.22620234316742893,0.15938045409592214,-1.0603441317869353,0.5630311059820813,0.038197054476229404,-0.3690485740412084,30.435484410104443,0.7235214514202749
1.312,0.9528308333333335,2.0,33.08220773407484,26.69558650704563,0.0,-1.0400538557898633,0.07134236710817467,0.0490286238229853,0.6491143629542241,-1.9258783778782433,0.21158177249026933,0.22620234316742893,0.15938045409592214,-1.0603441317869353,0.5630311059820813,0.038197054476229404,-0.3690485740412084,30.435484410104443,0.7235214514202749
1.312,0.9607399999999999,2.0,33.08220773407484,26.69558650704563,0.0,0.15446250883120483,0.07860395002769639,0.06120072248471627,1.0955042426365975,-1.9258783778782433,0.21158177249026933,0.22620234316742893,0.15938045409592214,-1.0603441317869353,0.5630311059820813,0.038197054476229404,-0.3690485740412084,30.435484410104443,0.7235214514202749
1.312,0.9666141666666666,2.0,33.08220773407484,26.69558650704563,0.0,0.24081813518950135,0.08153528225852531,0.05935227215303401,1.1274641000523704,-1.9258783778782433,0.21158177249026933,0.22620234316742893,0.15938045409592214,-1.0603441317869353,0.5630311059820813,0.038197054476229404,-0.3690485740412084,30.435484410104443,0.7235214514202749
1.312,0.9733475,1.0,21.58834122877106,60.361095211120386,0.0,-0.3888059077624204,0.08587173045679139,0.06159386374767002,0.8614647393861535,0.9091191734534538,0.8026599973947902,0.1900527095535935,-1.499756999416144,0.9091191734534538,0.7280789953836966,0.1900527095535935,-1.499756999416144,[167.06314041],-2.1522655477764987
1.348,1.0250216666666665,2.0,28.476969932393303,15.75153709017831,0.0,0.16877884897080975,0.07626495643344386,0.06213607251856309,1.1651281125408313,-1.7469171889476924,0.32201497999809087,0.41263705561887676,0.5017064270705756,-1.3948974276148343,0.8040997683799979,0.012079535139035683,-0.10918156946157316,[14.059409],0.6949771199679246
1.348,1.0026774999999999,2.0,37.290197353591346,18.25795184114338,0.0,-0.187677411175716,0.08195777302809484,0.06218577137928415,0.9472723761846583,-1.7412863922398625,0.20517297522755185,0.2630146183417491,0.5040834682089262,-1.3911394190466881,0.6091572456176015,0.014149278918780653,-0.11983295514457866,[16.29656909],0.741144907995655
1.348,1.0031133333333335,2.0,48.175322077411195,32.63652593141693,0.0,-0.14110502775494282,0.0795129147601704,0.06059310032635892,0.9960840801800704,-1.6657132576096447,0.12207078830002933,0.15732216391867973,0.5363027329130723,-1.3657454086863217,0.5263255422907709,0.02766191655228487,-0.17436303577368517,[29.13050732],0.9022166857124292
1.348,0.9997175,2.0,36.83030239819069,32.63652593141693,0.0,0.22850076351814508,0.07691938711477682,0.0592284260327778,1.1385275922376463,-1.6657132576096447,0.12207078830002933,0.15732216391867973,0.5363027329130723,-1.3657454086863217,0.604964936949163,0.02766191655228487,-0.17436303577368517,[29.13050732],0.26434560871345514
1.348,0.9966566666666667,2.0,36.83030239819069,32.63652593141693,0.0,-0.04177910232834092,0.08142934068575124,0.058772942704248786,0.95000721924726,-1.6657132576096447,0.12207078830002933,0.15732216391867973,0.5363027329130723,-1.3657454086863217,0.604964936949163,0.02766191655228487,-0.17436303577368517,[29.13050732],0.26434560871345514
1.348,1.0021341666666668,2.0,36.83030239819069,32.63652593141693,0.0,1.8655949430586336,0.06522876934116216,0.05617478141423349,1.6579488381543948,-1.6657132576096447,0.12207078830002933,0.15732216391867973,0.5363027329130723,-1.3657454086863217,0.604964936949163,0.02766191655228487,-0.17436303577368517,[29.13050732],0.26434560871345514
1.061,0.9598066666666667,3.0,36.83030239819069,32.63652593141693,0.0,-0.41208470239767836,0.09049721177572073,0.06539445705696093,0.8922018973654839,-1.6657132576096447,0.12207078830002933,0.15732216391867973,0.5363027329130723,-1.3657454086863217,0.604964936949163,0.02766191655228487,-0.17436303577368517,[29.13050732],0.26434560871345514
1.057,0.9409641666666668,2.0,36.83030239819069,32.63652593141693,0.0,1.5635854464417251,0.0660283531571959,0.055189240808567054,1.5433417041147377,-1.6657132576096447,0.12207078830002933,0.15732216391867973,0.5363027329130723,-1.3657454086863217,0.604964936949163,0.02766191655228487,-0.17436303577368517,[29.13050732],0.26434560871345514
1.057,0.9243308333333334,2.0,36.83030239819069,32.63652593141693,0.0,1.9164351266545063,0.0628113811253984,0.055100770800278684,1.6326034501545457,-1.6657132576096447,0.12207078830002933,0.15732216391867973,0.5363027329130723,-1.3657454086863217,0.604964936949163,0.02766191655228487,-0.17436303577368517,[29.13050732],0.26434560871345514
1.37,0.9408358333333333,2.0,36.83030239819069,32.63652593141693,0.0,0.7963942494716632,0.06901961450937956,0.05864907994817837,1.310348267026428,-1.6657132576096447,0.12207078830002933,0.15732216391867973,0.5363027329130723,-1.3657454086863217,0.604964936949163,0.02766191655228487,-0.17436303577368517,[29.13050732],0.26434560871345514
1.37,0.9669558333333333,2.0,21.35748188319881,30.781103577050363,0.0,1.5253582594488666,0.06585469383755062,0.05528492158304788,1.514876557868257,1.4554803565387635,0.6451719065139129,0.21620468239498952,-1.172873444174197,-1.4073191284629152,0.7077817083289752,0.16169086474554914,-0.2473320014364148,[36.01686833],-0.4855933329040132
1.37,0.972995,2.0,28.023079052036397,27.34749711839778,0.0,0.8902702410705872,0.06952490505452007,0.053902185960182085,1.252316831005603,1.4554803565387635,0.5601660833220672,0.18771823278464644,-1.172873444174197,-1.4073191284629147,0.6333930573845173,0.14038698445949652,-0.24733200143641468,[31.99921668],0.43051951827011914
1.37,0.975065,2.0,28.023079052036397,27.34749711839778,0.0,0.6391973354500293,0.0661611912697727,0.04508612259682789,1.214612133611922,1.4554803565387635,0.5601660833220672,0.18771823278464644,-1.172873444174197,-1.4073191284629147,0.6333930573845173,0.14038698445949652,-0.24733200143641468,[31.99921668],0.43051951827011914
1.37,0.9786533333333334,1.0,28.023079052036397,27.34749711839778,0.0,1.0156915019322765,0.07028195191906084,0.04208245809599184,1.3412017174299904,1.4554803565387635,0.5601660833220672,0.18771823278464644,-1.172873444174197,-1.4073191284629147,0.6333930573845173,0.14038698445949652,-0.24733200143641468,[31.99921668],0.43051951827011914
1.37,0.9972191666666667,2.0,28.023079052036397,27.34749711839778,0.0,0.3276805504143767,0.07492873321673364,0.046392644050033745,1.1427248742944243,1.4554803565387635,0.5601660833220672,0.18771823278464644,-1.172873444174197,-1.4073191284629147,0.6333930573845173,0.14038698445949652,-0.24733200143641468,[31.99921668],0.43051951827011914
1.353,1.0061758333333335,2.0,28.023079052036397,27.34749711839778,0.0,0.5753355065021624,0.06802796071732638,0.044582994289079025,1.2288255824302683,1.4554803565387635,0.5601660833220672,0.18771823278464644,-1.172873444174197,-1.4073191284629147,0.6333930573845173,0.14038698445949652,-0.24733200143641468,[31.99921668],0.43051951827011914
1.314,0.9916166666666667,2.0,28.023079052036397,27.34749711839778,0.0,0.19369750960924614,0.08363450446917324,0.05901628328756458,1.1067051862387232,1.4554803565387635,0.5601660833220672,0.18771823278464644,-1.172873444174197,-1.4073191284629147,0.6333930573845173,0.14038698445949652,-0.24733200143641468,[31.99921668],0.43051951827011914
1.314,0.9845666666666667,2.0,30.13556776943555,38.18694573793507,0.0,1.0629297470831585,0.07646058060847422,0.05583259034094798,1.3688715085640106,-1.7548293820915473,0.18199152757187861,0.2154116078931935,0.3928077429987957,-0.795194715523563,0.5510201119980233,0.05866695878731662,-0.8711245153545631,[63.5865207],0.3192295381654181
1.314,0.9812316666666667,1.0,28.766763548317105,30.980417697897323,0.0,0.7298484187639875,0.07681556038771754,0.057177143392989474,1.1996316044826518,-1.861109363711972,0.2767159631453362,0.32368722340817163,0.3306078312848554,-0.8937828095147204,0.6546234928553007,0.04536220985297854,-0.8214392134459778,[51.58665961],1.0
1.368,1.0037725,2.0,30.02491387277424,26.16341320080389,0.0,-0.07549462417395203,0.08022062656001064,0.06044174257051695,0.9781821270987701,-1.8880875824753596,0.3673035666384269,0.4285458380533425,0.3158872136946951,-0.9277580481430117,0.7852483040652889,0.037266561848979675,-0.8033561431312118,[43.56568411],0.18920660845203374
1.368,1.0242825000000002,2.0,32.72387175402785,6.856581913418438,0.0,0.18935529420732866,0.07452855305567097,0.061004357233089876,1.149694633352804,0.6709506634226585,0.6933825202106804,0.23221998803539234,-0.9517853583517822,-0.9146616424778511,0.7262107777435249,0.1953600991885479,-0.44798560738745263,[7.50857785],0.8482488931002072
1.368,1.0125733333333333,2.0,30.710952638032605,6.856581913418438,0.0,-0.6199947063087103,0.0934537515617337,0.07563782064595537,0.8345810718295743,0.6709506634226585,0.6933825202106804,0.23221998803539234,-0.9517853583517822,-0.9146616424778511,0.6988331876372713,0.1953600991885479,-0.44798560738745263,[7.50857785],-1.0779789081160716
1.368,1.0108533333333332,2.0,30.710952638032605,6.856581913418438,0.0,0.09477862714251373,0.08493320797118148,0.06860539301948206,1.0972614381127759,0.6709506634226585,0.6933825202106804,0.23221998803539234,-0.9517853583517822,-0.9146616424778511,0.6988331876372713,0.1953600991885479,-0.44798560738745263,[7.50857785],-1.0779789081160716
1.368,1.009485,1.0,30.710952638032605,6.856581913418438,0.0,0.2942588527349881,0.09440897281663747,0.0635174067958316,1.0779598449688428,0.6709506634226585,0.6933825202106804,0.23221998803539234,-0.9517853583517822,-0.9146616424778511,0.6988331876372713,0.1953600991885479,-0.44798560738745263,[7.50857785],-1.0779789081160716
1.368,1.0264208333333333,1.0,30.710952638032605,6.856581913418438,0.0,0.7533932523391873,0.0795363581082079,0.06719558415418561,1.3746139305024532,0.6709506634226585,0.6933825202106804,0.23221998803539234,-0.9517853583517822,-0.9146616424778511,0.6988331876372713,0.1953600991885479,-0.44798560738745263,[7.50857785],-1.0779789081160716
1.361,1.00978,1.0,30.710952638032605,6.856581913418438,0.0,1.192036248175003,0.07510090618252428,0.06681078953210577,1.5224518968894443,0.6709506634226585,0.6933825202106804,0.23221998803539234,-0.9517853583517822,-0.9146616424778511,0.6988331876372713,0.1953600991885479,-0.44798560738745263,[7.50857785],-1.0779789081160716
1.135,0.9794841666666666,1.0,30.710952638032605,6.856581913418438,0.0,-0.25358162378179117,0.08156888213850186,0.06686417161779959,1.040381149766193,0.6709506634226585,0.6933825202106804,0.23221998803539234,-0.9517853583517822,-0.9146616424778511,0.6988331876372713,0.1953600991885479,-0.44798560738745263,[7.50857785],-1.0779789081160716
1.173,0.9841741666666667,2.0,26.012274467604048,11.784638087020019,0.0,1.8907381677402793,0.06056203018737277,0.05582388013449435,1.6883162461796581,-1.1266309693095926,0.370726219993703,0.23781060038583332,-0.48173117577934,-1.5120394554211394,0.6033038800378422,0.13311255191839985,-0.1213661758235571,[8.83920921],0.6576835159896189
1.173,0.9818366666666666,1.0,16.239807437050626,13.091381531446357,0.0,0.22018012474412663,0.06723548149331376,0.06162480043658316,1.2423088825770146,-1.1266309693095902,0.4132265919537182,0.265073411666363,-0.48173117577934127,-1.5120394554211392,0.5744604999360363,0.14837268908694143,-0.12136617582355297,[9.81934781],0.7533712936083052
1.293,1.0073333333333332,2.0,8.874377389271453,15.565310067332117,0.0,-0.37654032059187914,0.07427303815915777,0.06480549611524794,1.0396741014306314,-1.1266309693095924,0.49497277649441557,0.31751132454235204,-0.48173117577934055,-1.5120394554211392,0.6330812628037777,0.17772438488550024,-0.12136617582355454,[11.6749476],0.5297271793451401
1.293,1.0122941666666667,2.0,8.874377389271453,15.565310067332117,0.0,-0.2887590262868702,0.0795631940724245,0.06164626370548479,1.0478692666498142,-1.1266309693095924,0.49497277649441557,0.31751132454235204,-0.48173117577934055,-1.5120394554211392,0.6330812628037777,0.17772438488550024,-0.12136617582355454,[11.6749476],0.5297271793451401
1.293,1.0236333333333332,2.0,8.874377389271453,15.565310067332117,0.0,3.3889460472489326,0.0773780970183771,0.060678939798106936,1.6903006740572455,-1.1266309693095924,0.49497277649441557,0.31751132454235204,-0.48173117577934055,-1.5120394554211392,0.6330812628037777,0.17772438488550024,-0.12136617582355454,[11.6749476],0.5297271793451401
1.293,1.0363091666666666,2.0,8.874377389271453,15.565310067332117,0.0,0.427589800265352,0.06584479940409906,0.04791036321783574,1.2184690206632787,-1.1266309693095924,0.49497277649441557,0.31751132454235204,-0.48173117577934055,-1.5120394554211392,0.6330812628037777,0.17772438488550024,-0.12136617582355454,[11.6749476],0.5297271793451401
1.293,1.02301,2.0,8.874377389271453,15.565310067332117,0.0,-0.0029108554416272803,0.08167155747144753,0.05899484991137291,1.0089545725342084,-1.1266309693095924,0.49497277649441557,0.31751132454235204,-0.48173117577934055,-1.5120394554211392,0.6330812628037777,0.17772438488550024,-0.12136617582355454,[11.6749476],0.5297271793451401
1.369,1.05507,2.0,8.874377389271453,15.565310067332117,0.0,1.2177681331710675,0.07434567564281724,0.0599662655998656,1.461809389123748,-1.1266309693095924,0.49497277649441557,0.31751132454235204,-0.48173117577934055,-1.5120394554211392,0.6330812628037777,0.17772438488550024,-0.12136617582355454,[11.6749476],0.5297271793451401
1.369,1.0504733333333334,1.0,8.874377389271453,15.565310067332117,0.0,1.2200184984751328,0.07792000853850603,0.058643696013964436,1.4108156078533325,-1.1266309693095924,0.49497277649441557,0.31751132454235204,-0.48173117577934055,-1.5120394554211392,0.6330812628037777,0.17772438488550024,-0.12136617582355454,[11.6749476],0.5297271793451401
1.369,1.0450691666666667,2.0,8.874377389271453,15.565310067332117,0.0,-0.7991960182384856,0.09522441322081304,0.0748790373036047,0.8314357668808479,-1.1266309693095924,0.49497277649441557,0.31751132454235204,-0.48173117577934055,-1.5120394554211392,0.6330812628037777,0.17772438488550024,-0.12136617582355454,[11.6749476],0.5297271793451401
1.369,1.0369566666666665,2.0,8.874377389271453,15.565310067332117,0.0,-0.5739014455760612,0.09013306880745868,0.07434914305376038,0.9836752709015407,-1.1266309693095924,0.49497277649441557,0.31751132454235204,-0.48173117577934055,-1.5120394554211392,0.6330812628037777,0.17772438488550024,-0.12136617582355454,[11.6749476],0.5297271793451401
1.369,1.0239458333333333,2.0,11.84146369017382,44.9658981623677,0.0,-0.6909120423531809,0.09567818456644919,0.07315769024814348,0.8702402128749964,-0.22559362169843933,0.7711875005827152,0.17427351168025282,-1.0452729028316454,-0.22559362169843933,0.7294796862177291,0.17427351168025282,-1.0452729028316454,192.91964982268175,1.0
1.369,1.0473016666666666,2.0,16.83195611629321,40.85964545269491,0.0,1.9753956466415907,0.06793751192923304,0.06021209213263709,1.7514094490956473,-0.22559362169843888,0.6678679665856578,0.150925288321823,-1.045272902831646,-0.22559362169843888,0.6970404393548338,0.150925288321823,-1.045272902831646,175.30236945672453,0.12966420281128954
1.255,1.0190975,2.0,16.83195611629321,40.85964545269491,0.0,1.4792408903184757,0.07185832642436109,0.06050141245429868,1.5459288206797348,-0.22559362169843888,0.6678679665856578,0.150925288321823,-1.045272902831646,-0.22559362169843888,0.6970404393548338,0.150925288321823,-1.045272902831646,175.30236945672453,0.12966420281128954
1.255,1.0070208333333333,2.0,21.666509744158557,40.77510711492012,0.0,0.7822715597658232,0.07645431824240992,0.0663080025121709,1.3853250647738657,2.2485296685915186,0.7069169506424717,0.19223333456651792,-1.1672019849152115,-1.7295388335129502,0.6632393606424162,0.15617767982969447,-0.14654945739596978,150.47258329272958,0.8971499589146108
1.255,1.0188499999999998,2.0,23.45850831635843,48.28112912960415,0.0,1.70953183559127,0.07193005111274246,0.06189172398790902,1.6305710896339527,-0.3968306238278996,0.6466861338528561,0.22324663735243422,-0.5732837662936507,-1.7073021665855526,0.6683766866542614,0.19956335214242749,-0.18285223230128675,178.17209416386902,0.8348471099367214
1.255,1.0266783333333334,1.0,23.45850831635843,48.28112912960415,0.0,-0.2326196604730808,0.08893967189258223,0.0751424306876195,1.0858022699322987,-0.3968306238278996,0.6466861338528561,0.22324663735243422,-0.5732837662936507,-1.7073021665855526,0.6683766866542614,0.19956335214242749,-0.18285223230128675,178.17209416386902,0.8348471099367214
1.255,1.05422,2.0,23.45850831635843,48.28112912960415,0.0,-0.4973194418780995,0.09327833650496796,0.0766310296562823,0.9860055161348166,-0.3968306238278996,0.6466861338528561,0.22324663735243422,-0.5732837662936507,-1.7073021665855526,0.6683766866542614,0.19956335214242749,-0.18285223230128675,178.17209416386902,0.8348471099367214
1.228,1.0414241666666666,2.0,43.53473462996631,37.633163860954866,0.0,-0.4925929623939762,0.10455147944628587,0.07118635625758085,0.9007974286612771,0.9536086622952573,0.6539554947858788,0.18520002630974566,-0.8670720987740962,-1.4770770765006,0.6602329993735447,0.16153390925449992,-0.22770725074138748,[166.5405163],0.6458288018514124
1.228,1.04347,2.0,42.44887344542647,33.706860163628825,0.0,0.1507641278750964,0.09236692122013493,0.06403497535172256,1.127535377519763,1.0361016955086502,0.5643459723204259,0.16117066048867687,-0.896467949971275,-1.4757631858613371,0.638355138187104,0.13934821845649667,-0.22959696252837822,[148.91236384],0.8452994616207482
1.228,1.0391033333333333,2.0,42.44887344542647,33.706860163628825,0.0,0.14784995357110464,0.08660492609140197,0.06652381260260666,1.1814471351113673,1.0361016955086502,0.5643459723204259,0.16117066048867687,-0.896467949971275,-1.4757631858613371,0.638355138187104,0.13934821845649667,-0.22959696252837822,[148.91236384],0.8452994616207482
1.2,1.0102958333333334,1.0,42.44887344542647,33.706860163628825,0.0,-0.9609878410463115,0.1024637788665472,0.074425400945836,0.7418883116651674,1.0361016955086502,0.5643459723204259,0.16117066048867687,-0.896467949971275,-1.4757631858613371,0.638355138187104,0.13934821845649667,-0.22959696252837822,[148.91236384],0.8452994616207482
1.203,1.017715,2.0,42.44887344542647,33.706860163628825,0.0,-0.044404610624617646,0.08431631961424095,0.06412669956755092,1.1246129590108325,1.0361016955086502,0.5643459723204259,0.16117066048867687,-0.896467949971275,-1.4757631858613371,0.638355138187104,0.13934821845649667,-0.22959696252837822,[148.91236384],0.8452994616207482
1.203,0.9971833333333332,2.0,42.44887344542647,33.706860163628825,0.0,-0.5407426465310654,0.08695848991261593,0.06729867973319738,0.9202262639105225,1.0361016955086502,0.5643459723204259,0.16117066048867687,-0.896467949971275,-1.4757631858613371,0.638355138187104,0.13934821845649667,-0.22959696252837822,[148.91236384],0.8452994616207482
1.203,0.9817741666666666,2.0,42.768818481911936,45.62744107412056,0.0,-0.5212593541893566,0.08855072695920573,0.07288958027032327,0.9931005204399365,-1.5476702650987124,0.1683340946344501,0.22576260513512972,0.6278087205582338,-0.43896424643841403,0.6729897494245458,0.05001475310725634,-0.9916927735066304,[53.73075324],0.9389147040144104
1.203,0.9627166666666669,2.0,38.34517150626573,45.62744107412056,0.0,-0.5500596264480992,0.0875596603132685,0.07364051066254251,0.9825188192733835,-1.5476702650987124,0.1683340946344501,0.22576260513512972,0.6278087205582338,-0.43896424643841403,0.6547621353651036,0.05001475310725634,-0.9916927735066304,[53.73075324],0.9068623654712219
1.203,0.9525350000000001,2.0,22.995718180093654,32.284537468202444,0.0,-0.9725749885740571,0.09619293471885945,0.07346280150504392,0.7026318112940803,-1.6373731215224219,0.2210636184571613,0.29443406870182937,0.5890431256329746,-0.5408447532866356,0.6613182016934758,0.031097932152655234,-0.9386349192131743,[38.01818545],0.9888840127638904
1.203,0.9680458333333335,2.0,29.482215054532897,44.06936890214372,0.0,0.27206102924866293,0.0716518683587679,0.0646479438490945,1.240790081097128,-1.1284681891251964,0.5569318594380992,0.34732526607023195,-0.6692295487236786,-0.5524466328718773,0.690456082380288,0.17816056205699998,-0.8368548723541922,[67.7622559],0.8412152706663168
1.155,0.9494166666666668,2.0,43.93890868013224,44.06936890214372,0.0,-0.7342621931589313,0.08344208349163697,0.06945631943377376,0.7850888496095108,-1.1284681891251964,0.5569318594380992,0.34732526607023195,-0.6692295487236786,-0.5524466328718773,0.6707970945910582,0.17816056205699998,-0.8368548723541922,[67.7622559],-1.3525351685049016
1.228,0.9589975000000001,2.0,38.438564552407534,58.068111641799575,0.0,-0.20737498001894838,0.06953515051570118,0.06172881206131957,1.0627839995702253,-1.783820620470372,0.3100725474562109,0.2881932212497941,-0.017323662938103133,-0.9974386746485409,0.6527838742395602,0.10553016876356855,-0.3646146121368823,[92.77147682],1.0
1.228,0.9732533333333333,2.0,39.813789153728905,51.75076156253549,0.0,0.2943055735765667,0.06509586295792462,0.060208066378374635,1.2659491608776654,-1.7838206204703724,0.24513387246306909,0.2278367463425468,-0.017323662938103324,-0.9974386746485404,0.5440321986878779,0.08342892378870793,-0.3646146121368823,[82.6786758],0.7614735333171558
1.228,0.9891266666666667,2.0,47.451032804886026,51.75076156253549,0.0,-0.38287642450931836,0.08674313563438626,0.08257443530728185,1.0030653387704838,-1.7838206204703724,0.24513387246306909,0.2278367463425468,-0.017323662938103324,-0.9974386746485404,0.5957141724588657,0.08342892378870793,-0.3646146121368823,[82.6786758],0.3969311769669579
1.228,1.0021133333333334,2.0,52.44278371839105,52.13636555479971,0.0,-0.13455911131333798,0.0799998090071939,0.08277181372312932,1.1215125013941964,1.4464368405966512,0.7100959579539987,0.23835839100162842,-1.3147626894832294,-1.0467481413646498,0.6853165842631574,0.1785201493402213,-0.6191092809532888,[168.15367847],1.0
1.228,0.9909766666666667,2.0,54.120628743997194,56.02557820875207,0.0,-1.1113980883634211,0.10272539529439031,0.08811156745329955,0.6055006764611135,0.38492851653803317,0.6842569289665028,0.2526210637623579,-1.0580920605444122,-0.9670408411775355,0.7117005509452698,0.20306830454824865,-0.6682811066845493,[180.69742614],0.20386595328388302
1.228,0.9992058333333333,2.0,54.120628743997194,56.02557820875207,0.0,-0.3314606936610476,0.08649422240787612,0.0847835185594043,1.057313458442591,0.38492851653803317,0.6842569289665028,0.2526210637623579,-1.0580920605444122,-0.9670408411775355,0.7117005509452698,0.20306830454824865,-0.6682811066845493,[180.69742614],0.20386595328388302
1.212,0.9861741666666668,2.0,54.120628743997194,56.02557820875207,0.0,-0.6291568505827403,0.09485684235993902,0.08412667228529291,0.870663074096361,0.38492851653803317,0.6842569289665028,0.2526210637623579,-1.0580920605444122,-0.9670408411775355,0.7117005509452698,0.20306830454824865,-0.6682811066845493,[180.69742614],0.20386595328388302
1.085,0.9752974999999999,2.0,54.120628743997194,56.02557820875207,0.0,1.3350787293064181,0.09729636429378691,0.08873195412581042,1.2432597659657803,0.38492851653803317,0.6842569289665028,0.2526210637623579,-1.0580920605444122,-0.9670408411775355,0.7117005509452698,0.20306830454824865,-0.6682811066845493,[180.69742614],0.20386595328388302
1.085,0.9723833333333335,2.0,54.120628743997194,56.02557820875207,0.0,-0.39934206105052095,0.08201011628706566,0.07228207726538403,1.0382591940094466,0.38492851653803317,0.6842569289665028,0.2526210637623579,-1.0580920605444122,-0.9670408411775355,0.7117005509452698,0.20306830454824865,-0.6682811066845493,[180.69742614],0.20386595328388302
1.085,0.9659633333333333,1.0,54.120628743997194,56.02557820875207,0.0,-0.41588452679420307,0.08766915452037129,0.06877967840675672,0.9922815795067156,0.38492851653803317,0.6842569289665028,0.2526210637623579,-1.0580920605444122,-0.9670408411775355,0.7117005509452698,0.20306830454824865,-0.6682811066845493,[180.69742614],0.20386595328388302
1.085,0.9653650000000001,2.0,54.120628743997194,56.02557820875207,0.0,1.6689099454985117,0.06362152905680755,0.053980195072799324,1.643804706600151,0.38492851653803317,0.6842569289665028,0.2526210637623579,-1.0580920605444122,-0.9670408411775355,0.7117005509452698,0.20306830454824865,-0.6682811066845493,[180.69742614],0.20386595328388302
1.056,0.9491916666666667,2.0,54.120628743997194,56.02557820875207,0.0,0.5835055976966164,0.07123825440495782,0.055766394854083946,1.2914861065135819,0.38492851653803317,0.6842569289665028,0.2526210637623579,-1.0580920605444122,-0.9670408411775355,0.7117005509452698,0.20306830454824865,-0.6682811066845493,[180.69742614],0.20386595328388302
1.226,0.950415,2.0,54.120628743997194,56.02557820875207,0.0,1.3410591719632974,0.06948687296128489,0.05631751870898909,1.5303292946392673,0.38492851653803317,0.6842569289665028,0.2526210637623579,-1.0580920605444122,-0.9670408411775355,0.7117005509452698,0.20306830454824865,-0.6682811066845493,[180.69742614],0.20386595328388302
1.226,0.9618433333333333,2.0,54.120628743997194,56.02557820875207,0.0,1.6792976988768817,0.06654424944002728,0.056247116907554566,1.6511532409895748,0.38492851653803317,0.6842569289665028,0.2526210637623579,-1.0580920605444122,-0.9670408411775355,0.7117005509452698,0.20306830454824865,-0.6682811066845493,[180.69742614],0.20386595328388302
1.226,0.9597675,2.0,54.120628743997194,56.02557820875207,0.0,-0.7376649362582768,0.08758430939746503,0.07220189066443383,0.900084050523882,0.38492851653803317,0.6842569289665028,0.2526210637623579,-1.0580920605444122,-0.9670408411775355,0.7117005509452698,0.20306830454824865,-0.6682811066845493,[180.69742614],0.20386595328388302
1.226,0.9521216666666668,2.0,54.120628743997194,56.02557820875207,0.0,-0.4932788468077187,0.08386197556744272,0.0688213034281383,1.0355611958060946,0.38492851653803317,0.6842569289665028,0.2526210637623579,-1.0580920605444122,-0.9670408411775355,0.7117005509452698,0.20306830454824865,-0.6682811066845493,[180.69742614],0.20386595328388302
1.226,0.9389691666666666,2.0,54.120628743997194,56.02557820875207,0.0,-0.9073253873743958,0.0894112154611796,0.07108897695495472,0.7705262007569109,0.38492851653803317,0.6842569289665028,0.2526210637623579,-1.0580920605444122,-0.9670408411775355,0.7117005509452698,0.20306830454824865,-0.6682811066845493,[180.69742614],0.20386595328388302
1.226,0.9344633333333333,2.0,54.120628743997194,56.02557820875207,0.0,-0.685920483433518,0.08432989220990714,0.07068996978563394,0.902461251893169,0.38492851653803317,0.6842569289665028,0.2526210637623579,-1.0580920605444122,-0.9670408411775355,0.7117005509452698,0.20306830454824865,-0.6682811066845493,[180.69742614],0.20386595328388302
1.225,0.9328208333333333,2.0,54.120628743997194,56.02557820875207,0.0,-0.4972542341038322,0.07783576454081474,0.07211897396964922,1.0273798638417393,0.38492851653803317,0.6842569289665028,0.2526210637623579,-1.0580920605444122,-0.9670408411775355,0.7117005509452698,0.20306830454824865,-0.6682811066845493,[180.69742614],0.20386595328388302
1.065,0.9131408333333333,2.0,54.120628743997194,56.02557820875207,0.0,-0.38047549311987616,0.07650360602502058,0.06404642233246184,0.9312002477191669,0.38492851653803317,0.6842569289665028,0.2526210637623579,-1.0580920605444122,-0.9670408411775355,0.7117005509452698,0.20306830454824865,-0.6682811066845493,[180.69742614],0.20386595328388302
1.065,0.902725,2.0,51.626385033456366,58.03423110413047,0.0,0.8538603235193327,0.06518803862890872,0.06022513018385056,1.3968307690529498,-1.7792734132830916,0.293402567999629,0.31372399588049205,0.24525649108888523,-0.7383827153677078,0.6724307084546866,0.12237473609965824,-0.8755157689293455,[100.11732434],0.7350889359326487
1.065,0.8971475,2.0,47.34452317537496,60.177959406798166,0.0,-0.5083190925755083,0.08410156856385055,0.0706174031759294,0.8876637243020207,-1.7792734132830919,0.3194162581428154,0.34153942665520776,0.24525649108888503,-0.7383827153677069,0.7186639072993027,0.13322473815640498,-0.8755157689293471,[103.81556135],1.0
1.168,0.9212233333333334,2.0,55.14855312705054,30.42090835269076,0.0,0.4592235355949996,0.07285479115681934,0.064506878330528,1.2436197961962026,0.0040975084969541165,0.6552827287422418,0.3361874562347359,-1.3180438280507827,-0.9748467926799416,0.7137905421164465,0.08421061455224255,-0.2331825516218075,[75.98249931],0.3452123191482096
1.168,0.9348516666666667,2.0,50.16181406072628,22.244794786938066,0.0,0.38256641309778594,0.07508765486147168,0.06406826619311756,1.2155078836566566,-0.03972481900503988,0.419011076446457,0.21602224236528775,-1.2858853808463284,-0.9547331749351344,0.5183411255158956,0.05887527760361777,-0.24874599873570888,[55.56096764],0.9622378263285953
1.168,0.9355483333333332,2.0,50.42990706574855,22.342042110915788,0.0,-0.7910269567916477,0.09016174659645079,0.0756889092306674,0.8342610019083573,-0.4072783136501288,0.26904787441602235,0.1451744987751428,-1.0193355075534396,-0.7643719169314172,0.4405396332954709,0.06102197772799768,-0.37548903134329265,[55.80386291],-0.33214362652534435
1.168,0.9417508333333334,2.0,50.42990706574855,22.342042110915788,0.0,-0.7568946107577172,0.08788722315053919,0.0764387709847646,0.8728382036904881,-0.4072783136501288,0.26904787441602235,0.1451744987751428,-1.0193355075534396,-0.7643719169314172,0.4405396332954709,0.06102197772799768,-0.37548903134329265,[55.80386291],-0.33214362652534435
1.168,0.94461,1.0,50.42990706574855,22.342042110915788,0.0,-1.177680843734784,0.10128725788580327,0.07643822454171864,0.5012761564368657,-0.4072783136501288,0.26904787441602235,0.1451744987751428,-1.0193355075534396,-0.7643719169314172,0.4405396332954709,0.06102197772799768,-0.37548903134329265,[55.80386291],-0.33214362652534435
1.168,0.9616116666666666,2.0,39.73416117542913,50.42369178842869,0.0,0.12747585538955386,0.0750063735284889,0.06400244137892909,1.1258716273755114,-1.0740599034674339,0.628686386931922,0.2646205802653447,-0.30085953983486696,-1.0740599034674339,0.6608325880378566,0.2646205802653447,-0.30085953983486696,[263.61163892],0.9185586535436916
1.046,0.9448333333333335,2.0,39.73416117542913,50.42369178842869,0.0,0.13067892637200673,0.07867469927006497,0.062459644147868025,1.0706480710238457,-1.0740599034674339,0.628686386931922,0.2646205802653447,-0.30085953983486696,-1.0740599034674339,0.6608325880378566,0.2646205802653447,-0.30085953983486696,[263.61163892],0.9185586535436916
1.036,0.9389724999999999,2.0,39.73416117542913,50.42369178842869,0.0,-0.4379828448581833,0.07409850130774491,0.0576728652935267,0.9112959161622533,-1.0740599034674339,0.628686386931922,0.2646205802653447,-0.30085953983486696,-1.0740599034674339,0.6608325880378566,0.2646205802653447,-0.30085953983486696,[263.61163892],0.9185586535436916
1.036,0.9344475,2.0,26.620867978775067,29.053083381767298,0.0,-0.11718424802231642,0.06528833310138642,0.0587181058033468,1.0640022445226764,-1.2909540043103505,0.6074213995705056,0.3130711124637816,-0.3847042546778635,-1.3877435315738882,0.6538014357091162,0.29179072288655095,-0.3729527653165171,[28.98284639],0.48744800394160914
1.036,0.9263975000000001,2.0,25.762102563047375,19.276321315084964,0.0,-0.9871459595753524,0.0752851778713586,0.06679497943488483,0.7439934773590974,-0.9745162161671357,0.051026223571904256,0.07987577290803302,0.9695908734679181,-1.3823001184125316,0.5247256896502741,0.021526853649664876,-0.4617518873117809,[25.01309448],0.43612074816839397
1.039,0.9360216666666668,2.0,29.47463238109973,7.067308325172299,0.0,-0.14890895319608566,0.06396887084004903,0.06443273844817143,1.1686899563683601,-1.8825282672634223,0.08606430363063167,0.09843620831932103,0.288056394390936,-0.4193172962305449,0.39670157376935583,0.014915295096528182,-0.8833575513988763,[8.11040671],0.44261517636615744
1.039,0.9291391666666667,2.0,31.483087483012667,8.099616107685993,0.0,-0.6115861917807477,0.07184181187625445,0.06499494991847234,0.9195948294885732,-1.8825282672634227,0.09879378097598994,0.11299557185221537,0.28805639439093583,-0.41931729623054537,0.3170279064635207,0.017121365476710903,-0.8833575513988756,[9.29507781],0.47517629621216484
1.042,0.9347266666666667,2.0,21.10501449119876,15.012818115386604,0.0,-0.5538259854450431,0.07660080211957106,0.07236047747705204,0.9439095985548587,-1.882528267263422,0.18617535472658112,0.21293841033608937,0.28805639439093583,-0.41931729623054004,0.4999776120352864,0.032264948861556134,-0.8833575513988797,[17.2286329],0.9321476501269272
1.054,0.9451466666666666,2.0,14.267219689442575,58.1515118665389,0.0,-0.1395233030202898,0.07220637598954724,0.06987495121515758,1.1457645144001338,-0.2806148536569273,0.6236787002236679,0.32585889851967875,-1.1527505266818663,0.35357933078849113,0.6615698358952002,0.1320279029230079,-1.2322003283232317,[123.4367872],-9.904102578050862
1.054,0.9498475,2.0,15.996057436133606,56.89758781880396,0.0,-1.1296519189336287,0.0892822622985281,0.07699736449449221,0.6913040471010559,-0.44852620113074826,0.5173072368764298,0.27561964681103573,-1.069117006481388,0.4568758708993461,0.6010826679547167,0.12488415200495659,-1.271984974615321,[120.7751134],0.592884871187678
1.078,0.9684908333333332,2.0,29.322993040689056,55.543665388946316,0.0,-0.37911471353493376,0.07847550901076482,0.07158966763468248,1.063684364467332,-0.44852620113074915,0.49151749892703694,0.2618789566403724,-1.0691170064813889,0.45687587089934256,0.661952476130333,0.11865820091699729,-1.2719849746153185,[117.90117548],0.871151025706244
1.078,0.9657516666666667,2.0,49.80034302815894,49.62221121737014,0.0,-0.6146883192510808,0.08935039145930207,0.06873791296145947,0.8071529449292458,-0.2460103249043537,0.6275526766265156,0.32516257362031276,-1.0629889467470848,-1.4033243389849424,0.707367493377031,0.14677079320827532,-0.3994574701048649,[135.47983536],0.5306490814591406
1.078,0.9656766666666666,2.0,56.41187453580385,56.76083589427385,0.0,0.8363895992998884,0.06265064508768503,0.05593502040975535,1.3712690299294226,-0.7494450641824195,0.5843081551892112,0.3243538320273241,-0.7568493266485348,-1.330705542267383,0.684554088925568,0.1877509249946614,-0.45740062006357013,[154.96989178],0.29851164495406646
1.078,0.9562941666666666,2.0,51.66211379177039,8.102706681595292,0.0,1.5406791527523103,0.06337065267608533,0.05284277349823984,1.5713665452349326,-1.9199189549825342,0.3743790929521709,0.3883935555844993,0.11219149645165422,-0.7985685742414601,0.7085828234051388,0.08219803862835111,-0.8673738197229052,[7.4145895],0.7943746853619854
1.078,0.9371675,2.0,48.50311889003173,10.443576421197063,0.0,0.006801014553346363,0.07887806284182838,0.06539932233613051,1.1248437038814953,-1.8454500050764042,0.34203475585569904,0.35978558523817256,0.1794930139309654,-0.6974795207808078,0.6629672985980898,0.1135640915006303,-0.9125293124814934,[9.55666238],0.9475303768315649
1.078,0.9381208333333333,2.0,44.60075863331591,34.78981170253423,0.0,1.7840198976403618,0.06147093445739085,0.0570476749501866,1.665000688139882,-1.5612563048053405,0.34765306974883947,0.25677282482848335,-0.4934475239181206,-0.0314586961615424,0.643451395821673,0.0854565112411145,-0.9829759622126915,[36.53232204],0.7832290694213075
1.025,0.9264625000000001,1.0,23.91695331494382,29.39542471499274,0.0,0.40875233666061295,0.07015274935934993,0.06302776432217302,1.298129741626389,-1.5612563048053396,0.28190660873353734,0.20821319459259566,-0.49344752391812086,-0.03145869616154151,0.5232432669036391,0.06929539064788429,-0.9829759622126926,[30.86774747],0.9259902141477018
1.025,0.9227841666666667,2.0,16.160651670393303,25.592145898677966,0.0,-0.42448466300453536,0.08133825659746795,0.07257183230668797,1.0458230704300986,-1.5612563048053398,0.2396657641998227,0.1770145603279866,-0.49344752391812113,-0.0314586961615424,0.5031573756165291,0.05891217956812193,-0.982975962212691,[26.87397459],0.43926072211553713
1.025,0.9266333333333333,2.0,16.160651670393303,25.592145898677966,0.0,-0.4458436827919354,0.0831422314462026,0.0719063774999419,1.0160987116581708,-1.5612563048053398,0.2396657641998227,0.1770145603279866,-0.49344752391812113,-0.0314586961615424,0.5031573756165291,0.05891217956812193,-0.982975962212691,[26.87397459],0.43926072211553713
1.025,0.9397658333333334,2.0,16.160651670393303,25.592145898677966,0.0,0.24417126873579775,0.09148976010735085,0.08019092322255618,1.061687606251547,-1.5612563048053398,0.2396657641998227,0.1770145603279866,-0.49344752391812113,-0.0314586961615424,0.5031573756165291,0.05891217956812193,-0.982975962212691,[26.87397459],0.43926072211553713
1.025,0.9582041666666666,2.0,16.160651670393303,25.592145898677966,0.0,-0.4724163890580324,0.07762632532955618,0.07205609418461209,1.0087381232593693,-1.5612563048053398,0.2396657641998227,0.1770145603279866,-0.49344752391812113,-0.0314586961615424,0.5031573756165291,0.05891217956812193,-0.982975962212691,[26.87397459],0.43926072211553713
1.004,0.9633641666666667,2.0,16.160651670393303,25.592145898677966,0.0,-1.284016077859391,0.09585721792644639,0.08051084902504836,0.5313751533841781,-1.5612563048053398,0.2396657641998227,0.1770145603279866,-0.49344752391812113,-0.0314586961615424,0.5031573756165291,0.05891217956812193,-0.982975962212691,[26.87397459],0.43926072211553713
1.013,0.9725191666666666,2.0,16.160651670393303,25.592145898677966,0.0,-0.47806650796090544,0.07702421497130715,0.07307413511476997,1.0064330092741494,-1.5612563048053398,0.2396657641998227,0.1770145603279866,-0.49344752391812113,-0.0314586961615424,0.5031573756165291,0.05891217956812193,-0.982975962212691,[26.87397459],0.43926072211553713
1.015,0.9843883333333332,2.0,27.696854942363036,15.60360102626238,0.0,-0.5566548034751788,0.08523112409055722,0.07000918562327617,0.8664115625529387,-1.7616498832559442,0.17411521605504224,0.18854407573994847,0.2663808121470076,-1.1573851275572276,0.5794766953586178,0.06985347984571671,-0.623514068355544,8.426641098931498,0.9054355250665882
1.025,0.9944541666666666,2.0,29.42411413371577,41.17297748661275,0.0,0.8431745839105127,0.06873367662891346,0.06512925918109683,1.3930945226843805,-1.1240978720586678,0.10607025473321392,0.16249668454895488,0.9057110526309848,-1.4536138455130996,0.5327401023730584,0.033128358657337965,-0.15582467277554682,[34.27933728],0.9838393088339474
1.033,1.0036824999999998,2.0,27.022497742758905,45.52300103635808,0.0,1.6127798689625799,0.06287638032490377,0.06212158385064808,1.6298227784570551,-1.1240978720586674,0.12351297983897733,0.18921845500490736,0.9057110526309848,-1.4536138455130987,0.5566764344112539,0.03857615224205666,-0.1558246727755512,[37.90103126],0.7667792844209378
1.038,1.0115091666666667,1.0,22.493166264638663,28.24376881865752,0.0,0.20536165839462406,0.07186284264011089,0.0651744009789476,1.220000388271668,-1.2392434538451913,0.21805194669913033,0.3321384253210299,0.8691549182354533,-1.4711016106870598,0.7815690179690662,0.020354109206876626,-0.10367726331834647,[23.51488128],0.8237510281255858
1.039,1.0173316666666667,2.0,31.393911820850263,18.419491343190256,0.0,0.8175750352064366,0.054920785885779144,0.04489315120830382,1.3945455452273277,-1.2474219323988591,0.24607376489752503,0.37467330193321563,0.8665802156205746,-1.4733944482836365,0.781863495830992,0.012616572139150066,-0.09379550016317201,[15.33549417],0.6235220009487347
1.039,1.0216949999999998,1.0,40.73090994260119,42.3426507875543,0.0,0.06661542379625507,0.05830251366858046,0.04680348082289603,1.138007526896443,-0.0820671123056318,0.6710731295141452,0.28404151985725873,-0.9743798658849507,-0.909965237249919,0.6908600412144077,0.21766128329152243,-0.7158230764529637,[56.84970787],0.35849158189566377
1.039,1.0243691666666666,2.0,35.239754843876675,42.3426507875543,0.0,-0.19931364758593428,0.0725939851417132,0.06361436270093761,1.0803191523455151,-0.0820671123056318,0.6710731295141452,0.28404151985725873,-0.9743798658849507,-0.909965237249919,0.6180250099172008,0.21766128329152243,-0.7158230764529637,[56.84970787],0.8587782018658834
1.039,1.0241216666666666,2.0,35.239754843876675,42.3426507875543,0.0,-0.14579695971696305,0.07545446129486048,0.061871133037598045,1.096153844523445,-0.0820671123056318,0.6710731295141452,0.28404151985725873,-0.9743798658849507,-0.909965237249919,0.6180250099172008,0.21766128329152243,-0.7158230764529637,[56.84970787],0.8587782018658834
1.039,1.0199375,1.0,27.478367835466294,21.356387893448066,0.0,-1.1781423735800665,0.09104530073228871,0.06584318300138631,0.5528759496642374,-0.5867931712058412,0.5034202406516924,0.11319751443931612,-0.9140055636528284,-0.5867931712058412,0.5565807558823771,0.11319751443931612,-0.9140055636528284,[37.80393144],0.5664383267781654
1.039,1.012035,2.0,32.79850332997543,27.999856519665656,0.0,-0.41515049653668745,0.0777664406800289,0.06318834612868779,0.9847632733021001,-0.586793171205839,0.6845509475972721,0.1539260036004461,-0.9140055636528303,-0.586793171205839,0.6331956778768718,0.1539260036004461,-0.9140055636528303,[49.56384298],0.8861243163810489
1.038,1.0005741666666665,2.0,36.519812893740614,23.449014121834974,0.0,-0.8098641945405713,0.08884450618697629,0.06287319620822716,0.7203686476319171,-1.9123540541794484,0.18804337341561822,0.21046735589229199,0.24055414173301537,-1.1487261572310787,0.6126346643212255,0.026911064742744396,0.22932982033245583,[29.19643595],0.3666869586563266
