Beats per Second (1000ms),BPM,EGM Mean RV,EGM STD RV,EGM Skewness RV,EGM Kurtosis RV,R-R Interval RV,BP,Max Actual BP,Mean Actual BP,Per Mean,Per STD,Per Skewness,Per Kurtosis,Current Perfusion Grad,Decision,Percentage change of,perfusion_consensus_max,perfusion_consensus_height,perfusion_mean
0,161.72506738544473,0.04998323837172677,0.021986755396391205,0.5855651731258895,-0.9445799431322754,371,46.149408655778004,85.8,79.93369272237197,72.3783338287785,9.087279191923546,0.0,-3.0,0.012280358226989052,1,13.05361305361306,84.24395726089419,0.38314717668205844,72.3783338287785
0,154.63917525773195,0.04124083990296733,0.022252707978793106,1.1718148373644044,0.294980339595837,388,46.09412854031781,113.19999999999999,103.76443298969073,62.746241386263115,2.7968498587426187,0.0,-3.0,0.009081011680499271,1,16.961130742049463,65.44546384655379,0.15982580557678716,62.746241386263115
0,75.28230865746549,0.03596228591320351,0.016529474586027465,1.6711743513721593,2.7303462576660245,797,46.22745466864145,105.4,85.90451693851944,53.76715872128475,10.997904767504282,0.0,-3.0,0.01680022491526691,1,31.024667931688803,67.54902790459823,0.413285532915566,53.76715872128475
0,51.45797598627787,0.0408594510890857,0.01978111716592119,1.59559586166413,1.7569588060165273,1166,49.24062873822395,109.4,87.02735849056603,55.73122012329486,12.168615171165014,0.0,-3.0,0.19399610235562015,1,34.734917733089596,72.54041046289575,4.675306066770446,55.73122012329486
0,50.847457627118644,0.04837134707898297,0.015538558610086196,1.4268361385237824,1.8031841123273757,1180,55.60219174076657,110.60000000000001,87.27372881355932,62.01095326760123,10.222781942930016,0.0,-3.0,0.5866723713700289,1,36.79927667269441,75.49827418160119,7.802742539221384,62.01095326760123
0,69.36416184971098,0.04446472835991489,0.02039120620592044,1.5806923536213557,2.2399043704817263,865,50.801217830520606,110.60000000000001,89.09815028901734,61.233271746583526,10.576604785056345,0.0,-3.0,0.2879088191504043,1,33.36347197106691,72.28448155258405,7.687165471315794,61.233271746583526
0,40.955631399317404,0.04202822614164754,0.02021181350590204,2.682104482134783,7.801155858696939,1465,52.174974070023325,110.3,71.04730375426621,56.727289047987,11.582948527504398,0.0,-3.0,0.3718430632057982,1,50.77062556663644,71.94823876141973,11.043738977212207,56.727289047987
0,55.14705882352941,0.04870306334123212,0.03168241368996193,2.2284422555471526,4.302131160388179,1088,49.9207150721215,104.69999999999999,85.21645220588235,57.91474978099527,13.43626607816654,0.0,-3.0,0.234737582078732,1,33.2378223495702,77.35281214072565,13.426989694903469,57.91474978099527
0,54.39709882139619,0.04482608955814376,0.026695960577289415,2.7473849207559193,7.127893138311219,1103,52.01575997386855,109.2,84.70453309156845,60.15262243845752,15.12656020478243,0.0,-3.0,0.3620533394454367,1,36.996336996337,81.50985592047068,22.8817710529516,60.15262243845752
0,53.23868677905945,0.04884766866865959,0.019969702976037552,1.3355983967188498,1.7256375001362763,1127,53.98588092312772,102.69999999999999,85.64259094942325,60.808833337670016,15.17795919372111,0.0,-3.0,0.4843652857683862,1,31.35345666991236,82.0762912578369,24.218264288419313,60.808833337670016
0,56.390977443609025,0.03975339579304385,0.01737228110236954,1.8325238972858817,2.81244212416593,1064,54.66403202373411,105.80000000000001,84.84163533834587,59.15872399373655,16.067332021544345,0.0,-3.0,0.5270700748495005,1,32.419659735349725,83.30809649299573,25.931847682595425,59.15872399373655
0,52.67778753292362,0.03878946859865532,0.014999995778204033,1.4832439152629215,2.3434187862612648,1139,52.31050163213055,112.20000000000002,89.38103599648815,59.943318369980894,17.314902801564436,0.0,-3.0,0.38018931718024673,1,34.84848484848486,86.38780148097369,27.639763359003936,59.943318369980894
0,54.10279531109107,0.05294255822793709,0.021691474543665625,2.636550460858276,7.78001248805014,1109,53.13427409784768,112.5,91.11136158701532,66.73467635599528,18.589357065183258,0.0,-3.0,0.43117882326711465,1,33.42222222222222,90.08465541250621,30.57057856963843,66.73467635599528
0,70.4225352112676,0.11547990684665788,0.1459717145855325,2.1425130728290704,3.350235149343196,852,53.54431302120152,112.5,89.8012910798122,66.93946640543851,18.57489091040522,0.0,-3.0,0.45672672990705965,1,36.0,89.62752345603928,30.37232753881947,66.93946640543851
0,39.8406374501992,0.040275497776934836,0.015224988548034526,1.6459816463342547,5.107085033655526,1506,51.77762688719089,106.69999999999999,85.38718459495351,69.5112734103696,16.638822149368263,0.0,-3.0,0.3474416367559357,1,33.458294283036544,90.22254233464746,23.417566317350065,69.5112734103696
0,112.35955056179775,0.05303064548754657,0.02762231168612753,1.2121403545671297,0.4595851051980344,534,54.23189205557904,97.0,79.19213483146068,67.87207113882438,16.260571487148084,0.0,-3.0,0.4998208597856789,1,23.91752577319588,87.4777902929482,18.093515124241577,67.87207113882438
0,53.191489361702125,0.040883402050798726,0.027717003013349627,2.2897584663904915,4.169240542304585,1128,55.07347970272637,114.9,90.83421985815603,67.15456492622609,15.968659425924091,0.0,-3.0,0.5530072215432458,1,35.59617058311576,87.22407892329328,19.299952031859277,67.15456492622609
0,52.038161318300084,0.05060134386873676,0.03126867873515657,1.878788797466136,3.196285002141437,1153,54.288372066292986,108.2,89.16097137901129,67.19598552339598,15.592326039868771,0.0,-3.0,0.5033750199139968,1,33.91866913123845,86.65213910320917,17.41677568902429,67.19598552339598
0,143.1980906921241,0.065013981932563,0.03714385991443337,1.6351985296686502,1.6090532334916157,419,58.44700336007399,108.2,98.2343675417661,64.81172506829239,14.093873733479526,0.0,-3.0,0.7712688838090302,1,19.87060998151571,76.84553755070742,13.805713020181642,64.81172506829239
0,134.52914798206277,0.044357335603582335,0.026345412477491864,1.0053283175604706,0.11136787501263568,446,57.52530701734757,98.1,86.63385650224217,63.35035100183755,13.84058787694881,0.0,-3.0,0.7108092959342159,1,19.571865443425065,73.99630595963144,12.723486397222466,63.35035100183755
0,111.31725417439704,0.06237153943293142,0.023525523808987862,1.1553778766330076,-0.1716263995416778,539,63.921835091083366,78.3,72.37068645640073,54.92964785648882,13.44901140210831,0.0,-3.0,1.1442594995091808,1,13.282247765006375,68.17149658289365,16.362910842981286,54.92964785648882
0,71.8562874251497,0.04892206120265843,0.020330333155825994,1.0084543716154626,0.8146951425822193,835,55.856523208893805,112.79999999999998,82.71077844311377,51.918214083549124,11.104200186171502,0.0,-3.0,0.6029368004364454,1,43.88297872340425,64.23966178501645,18.32927873326794,51.918214083549124
0,55.35055350553505,0.04079665939281532,0.020494389766722573,2.0777372512913024,3.942550563147485,1084,64.00462169767195,112.3,89.80977859778598,53.136725760172034,9.13881762400329,0.0,-3.0,1.1500927660194273,1,36.42030276046305,64.2670192477735,15.756270894466155,53.136725760172034
0,55.81395348837209,0.04448877204532844,0.02675272256154445,2.1629235621532605,4.348861845222848,1075,57.241846224601716,107.4,87.34716279069765,54.57988788177552,8.739788706916086,0.0,-3.0,0.6923427881288614,1,32.49534450651769,65.4924500374401,21.116455037930272,54.57988788177552
0,53.85996409335727,0.053632359834396126,0.03140118060834692,2.002821292959138,3.326859959256616,1114,70.33585201471614,113.9,91.09138240574505,57.88040547081921,11.772931471638548,0.0,-3.0,1.6153072297203304,1,33.88937664618087,71.18628691128711,20.83746326339226,57.88040547081921
0,55.65862708719852,0.045052916741995644,0.032679587197000926,2.175440035879445,3.702346095632878,1078,71.01208606870911,107.80000000000001,90.3948051948052,58.99044828750016,12.979328906505904,0.0,-3.0,1.6673912647087843,1,30.797773654916526,74.51765838220705,21.842825567685075,58.99044828750016
0,55.865921787709496,0.043374247950682204,0.0352801284985991,2.076852638025774,3.24277494874492,1074,51.96442884151761,107.4,86.48286778398511,61.98071736582109,14.992142442988387,0.0,-3.0,0.35890059880878633,1,34.72998137802608,80.10264339747589,21.53403592852718,61.98071736582109
0,55.91798695246971,0.05151641159167556,0.02948678814810767,2.056094050925268,3.5033711143165265,1073,51.54234638045536,113.99999999999999,90.86654240447344,64.81206348058285,17.614412063989423,0.0,-3.0,0.333040778532657,1,33.85964912280701,86.04539572654187,23.87902382079151,64.81206348058285
0,55.865921787709496,0.051395559161114816,0.02830869242151573,2.1739873008606017,3.9581141012860606,1074,51.80776418969469,111.80000000000001,91.24795158286777,64.1763032815961,18.100892331279493,0.0,-3.0,0.3492888238290192,1,32.91592128801432,86.83336490273416,25.32343972760389,64.1763032815961
0,57.915057915057915,0.05184378446355537,0.029918952750801465,2.076915869584982,3.628610908326494,1036,52.50189685140142,106.4,87.02722007722008,62.79332017953273,18.766365282490902,0.0,-3.0,0.39199647844060537,1,32.4248120300752,87.8284013646467,22.93179398877541,62.79332017953273
0,58.13953488372093,0.044861292087826875,0.027116093940172902,2.3493671143043717,5.715377216806319,1032,52.07928082786525,106.4,87.05077519379844,60.4350694328167,16.97041088003452,0.0,-3.0,0.36595712778671696,1,32.330827067669176,84.63940463683126,21.371896262744272,60.4350694328167
0,125.78616352201257,0.050735822228508184,0.022278116409825348,0.8976208360853374,-0.1692572942972972,477,62.88306774303684,82.0,74.49706498951781,58.018810029634395,14.882604231780276,0.0,-3.0,1.0715757510661958,1,15.975609756097573,78.14845895887294,16.287951416206177,58.018810029634395
0,60.42296072507553,0.03894212368121192,0.01777988053838458,1.858176609269496,3.3354199993329354,993,53.12175438934076,73.5,62.98630412890231,58.01389282294572,12.378861532815712,0.0,-3.0,0.4304005326782567,1,25.850340136054413,72.61970266534901,7.876329748012097,58.01389282294572
0,132.4503311258278,0.05005062259894073,0.0217413180481242,1.1675585895490335,0.38482636973877415,453,49.01614145834314,65.5,58.99602649006623,57.809337164677714,11.404983444075992,0.0,-3.0,0.18060962350775744,1,17.70992366412213,68.46589246405544,2.492412804407053,57.809337164677714
0,41.40786749482402,0.042687718241822166,0.010690417659441391,0.510799882147045,0.3496780964962567,1449,50.05145327663259,73.8,63.93906142167012,63.50066007579206,9.981308400784519,0.0,-3.0,0.24260211285883945,1,23.035230352303522,70.86378894587774,2.8384447204484218,63.50066007579206
0,113.20754716981132,0.040014736166257496,0.020112907556108867,0.9088176815825154,-0.7597923496728853,530,46.925553953912726,74.6,66.95905660377359,64.87601384070965,8.521718023935856,0.0,-3.0,0.05738316436075113,1,17.56032171581769,68.03711787145996,0.613999858660037,64.87601384070965
0,119.04761904761905,0.04202478523334835,0.015367235842444982,0.8656121906153339,-0.28687393777394155,504,47.27959233835238,74.6,66.92738095238096,67.98351268546193,8.86007897862927,0.0,-3.0,0.07807143012728249,1,17.828418230563,68.35987195730486,0.9837000196037593,67.98351268546193
0,114.28571428571429,0.04400603967443674,0.0177352748503537,1.1302583465461626,-0.19845011710193594,525,58.12050076987559,71.6,63.58171428571429,68.76744706984944,8.922145680815467,0.0,-3.0,0.749778604615583,1,20.810055865921786,76.1879715680371,9.897077580925696,68.76744706984944
0,38.07106598984772,0.05238245368156599,0.01536696582271672,1.0100049503700783,1.7258677375326972,1576,55.24029502861515,75.5,63.254885786802035,67.53584198826485,8.556467847634533,0.0,-3.0,0.563607844219688,1,28.34437086092715,72.02289217695878,7.49598432812185,67.53584198826485
0,60.24096385542169,0.049568755924889976,0.018721417732185313,1.7049007423715374,2.796816387670865,996,51.50529619596589,72.7,61.744176706827304,67.55229655008081,8.595508333619746,0.0,-3.0,0.3307762718356289,1,28.060522696011002,69.99219351339474,3.4069955999069776,67.55229655008081
0,96.93053311793214,0.05506079774998332,0.01839665398462573,0.35049151545647683,-0.9288512056438969,619,57.60544482300607,65.60000000000001,57.84846526655896,65.19221294967656,10.281952048955338,0.0,-3.0,0.7160407880741314,1,21.036585365853664,73.9539159541044,14.106003525060387,65.19221294967656
0,155.84415584415584,0.04655031328024616,0.01707279630247758,0.5713897763059551,-0.12600328413620066,385,55.027021370192436,59.9,55.98675324675325,64.97024036482618,10.136307672826605,0.0,-3.0,0.5500583871900625,1,13.522537562604331,71.65403644880907,13.751459679751562,64.97024036482618
0,38.33865814696485,0.039882661832015456,0.013847122895525572,0.28039954400487016,-0.963567492429267,1565,53.7255716693953,69.5,57.50875399361022,65.15975272948967,9.184714263564514,0.0,-3.0,0.46805613412116576,1,30.35971223021583,67.95967401175248,6.131535356987271,65.15975272948967
0,69.04487917146145,0.043815788615296655,0.011340383345511525,0.39957325578432334,-0.7185246762343818,869,50.01758784546307,73.4,62.7614499424626,65.83196753499283,9.765013272824827,0.0,-3.0,0.24056393318789426,1,22.888283378746607,72.8110632217181,6.976354062448934,65.83196753499283
0,57.74783445620789,0.04315941281272287,0.014989582203233152,1.4335636623115648,1.0444773861341234,1039,56.357573345579425,67.30000000000001,58.06159769008662,65.28830168854844,11.583985237092135,0.0,-3.0,0.6351135977539157,1,26.300148588410117,74.49258377586936,9.27265852720717,65.28830168854844
0,55.09641873278237,0.047026690283584215,0.01758910685235783,0.3446458268564013,-0.7415106388342867,1089,52.83305725788045,68.2,58.93553719008265,64.74268714003365,11.909330349467053,0.0,-3.0,0.41248242186563433,1,26.09970674486804,71.80971422521206,6.352229296730769,64.74268714003365
0,62.63048016701461,0.04606148110785038,0.013825806769911879,1.0424550595285362,0.6463598069338663,958,48.06051028242608,74.1,64.24989561586638,64.90586103340914,13.159661330835151,0.0,-3.0,0.12396202921225687,1,22.941970310391365,75.05196280777567,3.7684456880526085,64.90586103340914
0,38.510911424903725,0.04502700074313097,0.013136423647372794,0.2093604720461643,-0.053274111253681866,1558,49.64661906606873,75.2,63.67002567394095,66.48217800473454,10.924451806608586,0.0,-3.0,0.21828350125931212,1,27.127659574468083,81.0719384125283,4.256528274556587,66.48217800473454
0,114.72275334608031,0.043071988237544837,0.01328873644921927,0.8278595000645946,-0.5298892372211581,523,48.54850584627549,72.7,64.11873804971319,67.00005092247983,12.840500415777466,0.0,-3.0,0.152821241862924,1,18.98211829436039,76.4330023150428,4.752740621936937,67.00005092247983
0,113.20754716981132,0.04655119001981119,0.015450035102942971,0.34042833670278927,-0.8555306857377301,530,49.76889949225244,75.1,65.00301886792452,66.30235673472123,12.176199628466426,0.0,-3.0,0.2256183446792499,1,23.7017310252996,68.92432190400413,4.602614231456698,66.30235673472123
0,42.765502494654314,0.03940425331742121,0.009691467761633378,0.013147094854224987,-0.8489091782937157,1403,46.60803938231147,73.0,63.01489665003563,65.46304113361343,11.13170320872941,0.0,-3.0,0.038890469770037336,1,26.027397260273972,70.46928271419915,1.2678293145032171,65.46304113361343
0,51.41388174807198,0.0447971074033656,0.015543582399948044,1.025155357172887,0.9563829614392549,1167,47.939962987109816,82.0,66.89023136246786,66.36268022629548,11.362054871871733,0.0,-3.0,0.11685476127275787,1,30.000000000000004,71.27370400429147,4.054860216164698,66.36268022629548
0,41.4651002073255,0.04495635218954776,0.01309804220649531,1.7565299680385484,4.104285631350132,1447,46.66255161898462,73.4,63.70587422252937,66.48836497158032,8.379071230967604,0.0,-3.0,0.042061270715502905,1,24.93188010899183,68.68304183082664,0.5089413756575851,66.48836497158032
0,136.05442176870747,0.04157524042271621,0.017954604006272586,0.24992973226706675,-1.4516006647399051,441,56.257105496622074,72.89999999999999,64.3530612244898,65.14004797605199,9.690888634942105,0.0,-3.0,0.6286472707905006,1,18.6556927297668,72.78511197988637,8.298143974434609,65.14004797605199
0,120.48192771084338,0.04198520797270507,0.011542599852100304,0.6099699503226647,-0.5535988268762733,498,56.99802322395822,80.10000000000001,67.72048192771085,65.2217866884374,9.744472811563785,0.0,-3.0,0.676505891879695,1,26.092384519350826,72.84978995645379,9.40343189712776,65.2217866884374
0,112.35955056179775,0.047342339698859405,0.017557704966284723,0.7892194395842892,0.0571931646162267,534,55.22046748239731,84.6,74.2689138576779,65.80934589199758,9.72735420311713,0.0,-3.0,0.562346843917725,1,20.921985815602824,73.61607269083746,7.872855814848151,65.80934589199758
0,132.15859030837004,0.045637934971178976,0.02507544651527543,0.6435924065324751,-1.0184365173618102,454,67.36585006787215,78.8,69.80814977973567,66.71765066545551,9.368916669496896,0.0,-3.0,1.3922147196764154,1,20.050761421319795,81.40594232609426,23.8068717064667,66.71765066545551
0,39.94673768308922,0.03641412261365672,0.011016873550302366,1.0491784433767113,0.6816199965617047,1502,58.96009036160192,80.30000000000001,69.50925432756324,66.56716519427064,11.22228246831376,0.0,-3.0,0.8052039750550712,1,23.287671232876722,81.59293029521899,22.22362971151997,66.56716519427064
0,58.25242718446602,0.04548035284286535,0.013658695835129232,0.5910814428997995,-0.20377798923481816,1030,65.74640262148999,79.4,66.3159223300971,67.72407976859854,13.103476278421665,0.0,-3.0,1.2742491312065827,1,27.707808564231744,80.1546814800534,18.476612402495448,67.72407976859854
0,59.171597633136095,0.03838433529177428,0.01589950921382181,0.5566522139918327,-0.30128593694514194,1014,59.20704299742275,85.5,67.99911242603551,66.92406148266457,12.398075874242405,0.0,-3.0,0.8216092832515437,1,32.865497076023395,74.13623024661825,8.873380259116672,66.92406148266457
0,98.36065573770492,0.049031186502281575,0.019532214067191776,-0.05456180717994848,-1.1312222472679399,610,46.75940725365501,82.1,74.65983606557377,67.21435876163397,12.456473986931636,0.0,-3.0,0.04769924065375693,1,16.93057247259439,74.42567623739387,0.7345683060678567,67.21435876163397
0,73.61963190184049,0.05246708101039023,0.017710648613384224,0.01482097809559906,-0.7574213475019334,815,46.08946199394483,80.7,70.65386503067484,67.60937604547767,13.523067204253548,0.0,-3.0,0.008811013428702571,1,19.330855018587354,80.77273438604952,0.15859824171664627,67.60937604547767
0,55.81395348837209,0.04018532316553901,0.01381822485065249,0.6891948957390374,-0.684763250509365,1075,46.0013705035922,84.6,69.61609302325581,67.02702314974573,13.056822187556916,0.0,-3.0,0.003716496744739075,1,28.132387706855788,84.4183804943312,0.07321498587135977,67.02702314974573
0,141.50943396226415,0.045860027768125006,0.014749431136910468,0.44808723177203996,-0.6159543892346018,424,46.61260348849005,83.89999999999999,74.48066037735849,68.41480995884528,10.110190133374719,0.0,-3.0,0.03915588401883534,1,17.52085816448153,80.24260420652324,1.1707609321631764,68.41480995884528
0,60.0,0.04034847637346772,0.014620843037184722,1.1438243284421286,1.3506275683084192,1000,47.846209243795705,88.5,73.8648,68.65225767270492,10.082092159341409,0.0,-3.0,0.11133310563201457,1,25.875706214689252,82.08830483780724,3.250926684454825,68.65225767270492
0,101.69491525423729,0.049710806523875606,0.014883362141698525,0.355975652999955,-0.7788989390876346,590,46.53691323215091,75.9,69.26389830508474,69.85111518414,9.263082521743888,0.0,-3.0,0.034755840852467676,1,19.63109354413703,82.49164843525782,0.7402994101575615,69.85111518414
0,145.27845036319613,0.04716988175633604,0.017401149873825492,0.2909763171686905,-1.0778800764308483,413,48.010102258578556,74.8,64.9767554479419,70.29045937388787,9.1758672282981,0.0,-3.0,0.12098901487684333,1,18.983957219251334,78.69038024982979,3.6659671507683527,70.29045937388787
0,37.83102143757881,0.036188292047171854,0.008569504419402579,0.9642419967860391,1.919018405228659,1586,50.673423628850365,86.8,72.85119798234552,70.08572931339553,13.488347193818356,0.0,-3.0,0.2801616832194493,1,29.838709677419356,80.81772735979817,7.788494793500689,70.08572931339553
0,40.43126684636118,0.04340032652643882,0.011637388713138271,-0.01982268692851865,0.02904897140573759,1484,47.49156742951801,82.5,70.05896226415095,71.2025571687822,10.882629369353413,0.0,-3.0,0.09049293495322104,1,27.636363636363644,78.62600096091414,2.0360910364474734,71.2025571687822
0,41.1240575736806,0.040854726702026854,0.011803930690166078,0.42547106763121695,-0.16999407911631081,1459,46.705912505453725,85.5,74.70308430431801,70.34992056782424,11.73888643568115,0.0,-3.0,0.044584646028831595,1,23.157894736842103,84.03382400419578,0.9986960710458277,70.34992056782424
0,58.53658536585366,0.04428058194708634,0.013368059113840078,1.0628041956124257,0.8707156628981125,1025,47.655840800744784,84.8,71.48585365853658,69.63951773670648,9.959730440713557,0.0,-3.0,0.10013715650636357,1,27.35849056603773,79.07548480407004,2.4633740500565438,69.63951773670648
0,39.603960396039604,0.040449484023573526,0.013684574476817226,0.8772872662766977,0.5156804516860847,1515,47.979669270934686,90.4,75.74085808580858,69.35681557096271,10.606143081313983,0.0,-3.0,0.11919483268923947,1,25.442477876106196,78.29328708045304,1.9786342226413751,69.35681557096271
0,115.38461538461539,0.045580514326184554,0.019257252403466697,0.6328197596741901,-0.8340021840425296,520,48.085371001447605,81.39999999999999,72.84365384615384,69.25804038999831,10.244116989153872,0.0,-3.0,0.12542884094401674,1,21.25307125307125,78.23416697729472,3.8632083010757157,69.25804038999831
0,41.49377593360996,0.04041402402515747,0.014730985375949905,0.9253787264987775,0.6128789312741443,1446,46.266781412998284,84.5,70.63582295988935,69.00631228687249,9.641139763044348,0.0,-3.0,0.01907905432732294,1,28.875739644970423,75.23634279206325,0.3510545996227421,69.00631228687249
0,61.03763987792472,0.0361727576468725,0.010702252308301848,0.3037263377791339,-1.017612552335261,983,48.059740860213715,92.10000000000001,76.6907426246185,67.9560894540193,8.907749846295104,0.0,-3.0,0.12391663821030026,1,27.90445168295331,74.03007559249205,2.1437578410381946,67.9560894540193
0,116.95906432748538,0.03806464489081722,0.01531568936703362,0.5552075768022187,-1.374688397941688,513,52.49349540168113,92.10000000000001,80.80311890838206,67.98183175178515,8.543827909076056,0.0,-3.0,0.39147769129859145,1,18.02388707926168,73.38572432023615,8.964839130737744,67.98183175178515
0,63.492063492063494,0.04689309321351742,0.01404724245346509,0.5251098452069444,-0.15304254465580858,945,49.503139125410215,86.2,74.2084656084656,68.55146717334301,9.455278245710373,0.0,-3.0,0.20968868876056695,1,23.085846867749428,71.9865908692204,5.284154956766287,68.55146717334301
0,112.5703564727955,0.04325320416845054,0.017738423144303843,0.7068758403249907,-0.9424421226549677,533,59.311771478076736,86.2,75.76228893058162,69.03391003759396,10.580268583690415,0.0,-3.0,0.8285807548332038,1,18.793503480278424,79.58134463783982,21.46024155017998,69.03391003759396
0,119.5219123505976,0.04762445559038069,0.012351392174630745,0.9281060654833161,-0.38419923666151945,502,58.478351892443456,84.8,71.00139442231077,68.58858956885223,10.724346314495003,0.0,-3.0,0.7733364826278505,1,24.292452830188672,78.98869406924148,19.797413955272972,68.58858956885223
0,129.03225806451613,0.04017782702799014,0.01379611229941853,1.1540344015415585,0.04584710622555077,465,67.1132421458141,85.1,76.33569892473118,66.31900305201601,14.382655217454317,0.0,-3.0,1.3736485749274876,1,16.80376028202115,85.03636393906777,32.28074151079596,66.31900305201601
0,83.44923504867872,0.048861196567841526,0.015496286465885814,-0.06778962243838338,-0.9130601830280649,719,64.48554665352387,87.5,77.09318497913769,64.56937275502864,11.495290759161634,0.0,-3.0,1.184099783979342,1,19.428571428571427,81.41770094567313,26.050195247545524,64.56937275502864
0,210.52631578947367,0.03920302718302151,0.02169249132144003,0.3291386310271408,-1.3493944467974768,285,62.4231835412821,77.9,73.21859649122807,64.2275172029696,10.902668989597577,0.0,-3.0,1.039693983727285,1,9.499358151476258,78.92686314070383,23.60105343060937,64.2275172029696
0,111.73184357541899,0.046253199120360244,0.018259022523990042,0.2696013744220359,-1.5259807510110819,537,64.42098706565758,84.0,75.6731843575419,64.27940332677643,12.970410072092474,0.0,-3.0,1.179522677701708,1,19.4047619047619,80.07912373331945,30.43168508470407,64.27940332677643
0,61.855670103092784,0.04251052204928404,0.016514047488729002,0.2857236090588086,-0.5161443902380047,970,62.169640323045584,86.5,71.95288659793813,61.05508091221109,11.49044995118358,0.0,-3.0,1.0221935817429555,1,28.32369942196532,75.8809747630434,23.101574947390795,61.05508091221109
0,108.499095840868,0.04470941351315753,0.021545387929545707,0.263315378454732,-1.362287030363301,553,63.233645283646624,81.39999999999999,74.14846292947558,61.61677464022461,11.545683979131507,0.0,-3.0,1.0960013552385697,1,17.690417690417682,76.90475395610855,24.87923076391553,61.61677464022461
0,136.05442176870747,0.033624957753750455,0.017938270208976884,1.1186052260186807,0.0853738366260206,441,63.759315821114726,83.8,73.65691609977324,61.3298513224968,11.492328790546177,0.0,-3.0,1.132825725659359,1,20.28639618138425,76.74685334443296,25.601861399901516,61.3298513224968
0,39.94673768308922,0.04165057296227501,0.01128418949221313,0.7950390287099625,0.7207013613804167,1502,62.521256785034154,91.8,75.53348868175766,65.06407545959054,13.201129873229226,0.0,-3.0,1.0464778898928595,1,31.154684095860564,76.88309906193656,25.220117146417913,65.06407545959054
0,120.48192771084338,0.04320993642797476,0.015928935650697574,0.7421518702746555,-0.16153096862484206,498,62.14892672801648,87.1,75.15261044176707,64.6970206061037,13.450470391624085,0.0,-3.0,1.0207662507703674,1,28.12858783008036,78.63794626111093,27.25445889556881,64.6970206061037
0,106.76156583629893,0.04716874199238102,0.01901532008285435,0.5381562690425843,-0.7891444875586253,562,61.54683142042256,87.1,78.28594306049821,65.32443571287773,13.332593567956076,0.0,-3.0,0.97943364901194,1,16.188289322617674,79.93990964021262,26.052935063717605,65.32443571287773
0,123.20328542094455,0.046747048873801454,0.021343802401387543,0.763652288235562,-0.6829321699928643,487,64.49114839444033,84.7,72.44681724845995,66.6310947568607,13.839493825123439,0.0,-3.0,1.1844971088944125,1,21.133412042502957,84.90240757304393,31.98142194014914,66.6310947568607
0,61.162079510703364,0.044872726439066375,0.012309909103205402,0.8349295129556148,0.31658073874705206,981,62.46447802755439,94.19999999999999,80.79041794087667,67.82629544560251,13.049546854575532,0.0,-3.0,1.0425494062471956,1,25.265392781316347,77.84471281643391,20.85098812494391,67.82629544560251
0,61.919504643962846,0.04027255706604158,0.011895634012236433,0.5040673767779575,-0.033545707485849174,969,55.88749180792779,89.4,76.71640866873065,67.29109960797459,13.301940959949558,0.0,-3.0,0.6049203677798002,1,24.496644295302016,75.66492587607479,13.368740127933584,67.29109960797459
0,104.16666666666667,0.04258672886628784,0.0162965006161392,0.8790301525152877,-0.5400617436118811,576,66.97759240100137,89.4,78.64999999999999,69.42080580846377,13.517053019507179,0.0,-3.0,1.3637041468198503,1,20.581655480984345,84.35620694090646,30.546972888764643,69.42080580846377
0,38.91050583657587,0.03875287567613347,0.009752809324983772,0.7098240142830441,0.21666938451658835,1542,60.85072710539439,93.7,80.22315175097276,68.1432350361063,12.668916469583683,0.0,-3.0,0.9320202347771376,1,24.226254002134475,79.16641764025857,17.6151824372879,68.1432350361063
0,41.35079255685734,0.0336597081280934,0.012356669548540346,1.1614658911878524,1.3955557316208278,1451,52.81656013390089,84.2,74.3380427291523,67.05877781091547,12.05848407990867,0.0,-3.0,0.41146018477743745,1,22.684085510688828,78.35567049895246,9.587022305314292,67.05877781091547
0,108.30324909747293,0.039220875724086855,0.012863240309133788,0.7186509942439007,-0.9662049295259165,554,52.29185234070226,83.0,72.97418772563177,66.51611192377523,11.69201327406592,0.0,-3.0,0.3790401206852276,1,19.518072289156628,75.026882680054,9.096962896445461,66.51611192377523
0,60.301507537688444,0.03989638450765514,0.01241011834941279,0.8903627379089919,0.5522728340130012,995,52.18423268047632,88.7,78.59035175879396,65.76677417581857,11.973532234552396,0.0,-3.0,0.37241286042622335,1,22.99887260428409,74.72748666152265,9.235838938570339,65.76677417581857
0,131.57894736842104,0.03462567210474792,0.017843295727125588,0.8494654851488689,-0.46340057065113616,456,54.97398286743429,88.1,76.70394736842105,65.60571006684468,11.975736612673398,0.0,-3.0,0.5466937283785178,1,19.296254256526677,70.83637547257302,8.965777145407692,65.60571006684468
0,114.72275334608031,0.0397447455497619,0.014923354906437468,-0.03336735445823584,-0.9157470111607529,523,50.59602980014952,92.30000000000001,79.817017208413,64.64839547787916,11.947052548678064,0.0,-3.0,0.27547489284539983,1,26.54387865655471,68.37606874316407,7.520464574679416,64.64839547787916
0,125.78616352201257,0.03779434857557271,0.012620002874422283,0.2647679022984002,-0.8931879928183597,477,61.02871103505825,92.30000000000001,81.52725366876311,63.042919729138596,11.69297957338555,0.0,-3.0,0.944105521670302,1,18.52654387865656,76.08483619302704,25.302027980764095,63.042919729138596
0,120.0,0.038966168802094664,0.012243532282469854,0.6861785067368301,-0.9093929581382234,500,69.11954588057154,83.1,72.07639999999999,65.49419151683419,16.71317717871672,0.0,-3.0,1.5228513257129754,1,21.299638989169665,83.66103850507731,40.20327499882256,65.49419151683419
0,59.7609561752988,0.04281243237098045,0.01316560036606493,0.24322857703056125,-1.0675436613112763,1004,68.35824288855756,84.6,73.72918326693228,67.0276264305033,14.224872151055989,0.0,-3.0,1.4657610323983765,1,25.65011820330969,80.9283789477492,34.73853646784153,67.0276264305033
0,119.04761904761905,0.03951627156236059,0.017027983853894025,1.0753272143622008,0.44745457790302945,504,72.43969729029247,81.3,72.27738095238095,67.99625583282321,16.027462973427955,0.0,-3.0,1.7790028067947246,1,17.466174661746603,87.60065448432836,43.58556876647075,67.99625583282321
0,122.19959266802444,0.03885724117781468,0.020461619428884723,0.9536755844417594,-0.3333085733838912,491,72.10216016354485,93.8,81.6315682281059,67.49864969889691,16.083519088925854,0.0,-3.0,1.752407182285867,1,27.505330490405118,86.54908273043287,43.10921668423233,67.49864969889691
0,113.42155009451795,0.03731939199908985,0.015043410400494414,0.784958798680949,-0.5660512619410678,529,70.71864250328082,93.8,84.4132325141777,68.85247050231307,15.315206530544724,0.0,-3.0,1.6447292416061408,1,16.95095948827291,87.63557378734298,42.59848735759904,68.85247050231307
0,115.60693641618496,0.039355900105366375,0.016525230827211843,0.8009303427768826,-0.6135389618093066,519,70.04100156235202,85.8,74.50346820809249,68.54527932226856,15.202084031717227,0.0,-3.0,1.592751473238041,1,20.745920745920742,86.79750267111632,39.02241109433201,68.54527932226856
0,117.41682974559687,0.042153654279780045,0.011731994518122218,0.9308124612187724,-0.41267608757338126,511,71.97135504277125,91.4,79.82054794520549,68.07670257362676,15.243859313223853,0.0,-3.0,1.742135416173243,1,24.39824945295406,85.83187016765025,37.9785520725767,68.07670257362676
0,113.20754716981132,0.036451184907037776,0.01760473491877522,0.2869381620600004,-1.2527041995665777,530,69.20980934433828,80.0,72.78679245283018,67.01674922092066,10.818865319249817,0.0,-3.0,1.5296595176854233,1,19.375,84.30138270353525,29.675394643097214,67.01674922092066
0,135.13513513513513,0.033028687737614595,0.015655261859391457,0.9732895851733916,-0.45235479137681134,444,62.5306931316051,78.10000000000001,69.34144144144143,67.63063943373587,10.010034356141928,0.0,-3.0,1.0471310491476715,1,18.822023047375172,83.3138740603219,29.319669376134804,67.63063943373587
0,54.6448087431694,0.040925391487419714,0.011806895138258345,0.5399293837185146,-0.7579646050162849,1098,58.49612004790275,94.3,80.14717668488161,72.38659206619526,15.21431425855911,0.0,-3.0,0.7745087166485486,1,28.419936373276773,76.2416539573848,17.348995252927487,72.38659206619526
0,39.08794788273616,0.0419525503083492,0.011714317806069857,0.5655484494276406,0.24979517501406745,1535,50.665539228273104,88.5,77.69882736156352,66.31986826295469,15.379051061806345,0.0,-3.0,0.2796840507112966,1,22.3728813559322,74.45371761469359,7.691311394560657,66.31986826295469
0,107.52688172043011,0.04185523819343679,0.020398036956174963,0.8050171540821137,-0.94261880286109,558,52.462495775099775,80.2,72.24121863799283,66.15890229179567,15.047423559684487,0.0,-3.0,0.3895638725506611,1,21.321695760598505,75.33621904071151,10.90778843141851,66.15890229179567
0,41.0958904109589,0.03839878611670369,0.01954745814620552,1.9253036370022913,4.153197444621305,1460,49.25098640863954,94.89999999999999,81.63308219178082,68.08022093401021,10.647770886768296,0.0,-3.0,0.19461447983911917,1,23.39304531085352,74.84468004387004,4.359364348396269,68.08022093401021
0,138.56812933025404,0.03257252453115261,0.013400756219946503,0.7051575747084178,-0.2808838480948306,433,56.43712150291532,94.89999999999999,83.80254041570439,67.97728946528287,10.464923481844588,0.0,-3.0,0.6402386410332496,1,18.229715489989445,75.84953934896375,12.420629636045042,67.97728946528287
0,116.95906432748538,0.036454375365884355,0.01181379009018405,0.5862210583001687,-0.4253362522338904,513,51.803081765017616,91.5,79.52592592592593,67.65706207440151,10.280373573804596,0.0,-3.0,0.34900178852720687,1,19.890710382513667,71.10043291842997,7.224337022513183,67.65706207440151
0,107.9136690647482,0.03968324674566953,0.010881075110129881,0.012309450733486669,-1.0381744772404966,556,55.7715176151611,94.0,81.11780575539568,66.00438022405952,11.969838430022113,0.0,-3.0,0.5974956153334703,1,26.489361702127667,78.07230470170767,18.76136232147097,66.00438022405952
0,121.4574898785425,0.03743270848160836,0.013982506843854998,1.2563472734794219,0.18909371223816995,494,63.18075317861104,92.7,82.17672064777328,66.90406206014238,14.970302603895835,0.0,-3.0,1.0923094455621196,1,18.662351672060407,86.3583849691904,32.8785143114198,66.90406206014238
0,39.656311962987445,0.0367466675735705,0.01386523800030001,0.7916135455065262,0.13143177299733244,1513,60.26975511100704,88.8,72.88162590879048,69.71194318965595,12.643353363151558,0.0,-3.0,0.8927495845879613,1,28.26576576576576,81.39133321814255,18.21209152559441,69.71194318965595
0,58.93909626719057,0.03647482977917251,0.015111458672575413,0.6966821592658025,-0.05884135870996143,1018,57.32113277202417,92.10000000000001,75.23222003929273,70.95762986144474,10.924898926926641,0.0,-3.0,0.6975020594511322,1,31.48751357220413,79.95185792046605,18.62330498734523,70.95762986144474
0,127.65957446808511,0.03821295443504036,0.01496192253587335,0.5239046927870822,-1.295723090329191,470,60.683130827883154,92.0,80.40510638297873,70.95694433347748,10.587038493221591,0.0,-3.0,0.92066373881797,1,18.586956521739122,76.68989770829283,8.93043826653431,70.95694433347748
0,131.57894736842104,0.0405035863901004,0.016774058017479224,0.054656792265612195,-1.3235729600594153,456,52.007285846408415,85.7,74.6530701754386,71.1537130057866,10.473363920804555,0.0,-3.0,0.36153274405446745,1,21.703617269544917,75.12943799267147,6.9052754114403285,71.1537130057866
0,120.72434607645876,0.04029679032657667,0.014588002212977716,0.9159630352558565,-0.19428717652176042,497,57.210182322685846,88.2,75.72676056338028,71.99356399558714,10.693065939915112,0.0,-3.0,0.6902836736193568,1,21.088435374149668,76.77450408449941,7.593120409812926,71.99356399558714
0,108.69565217391305,0.04258919043772958,0.019591077980109013,0.6596082987310526,-1.0651998423447513,552,50.87433162509167,90.3,77.71286231884058,71.25729797408057,10.547409957643461,0.0,-3.0,0.2923457338470408,1,21.926910299003318,76.69265997924526,10.290569831415837,71.25729797408057
0,39.52569169960474,0.04331408429640108,0.01141465666351874,0.21161390203659233,-0.42895978409289626,1518,59.23034393576254,89.60000000000001,76.10131752305665,67.22177030360278,13.500871360909638,0.0,-3.0,0.8231596231300137,1,25.781250000000007,75.00206050955715,9.384019703682156,67.22177030360278
0,115.60693641618496,0.040625732239161334,0.019509879079081787,0.6919303503344355,-0.9554732486374795,519,56.148044996384016,89.60000000000001,80.79287090558766,66.39522255965642,14.455213489261293,0.0,-3.0,0.6216361046773569,1,16.852678571428577,80.36658039358312,19.705864518272215,66.39522255965642
0,114.72275334608031,0.038804889352810575,0.018666201838429368,0.5758137410599476,-0.8739565814207793,523,62.56281862965703,84.89999999999999,74.70057361376674,65.83897954819798,15.171567936595537,0.0,-3.0,1.0493552586578112,1,19.787985865724362,84.54292900446664,31.270786708002774,65.83897954819798
0,42.3728813559322,0.039488084549380326,0.014674423644005128,0.49612581856705684,-0.8147254607525909,1416,57.176582203732444,88.8,73.21045197740114,64.59243638186626,13.241884868625702,0.0,-3.0,0.6880994528285631,1,28.040540540540537,80.4801489236062,22.225612326362587,64.59243638186626
0,45.558086560364465,0.03155160009477616,0.014054082996293918,1.018434580038575,0.6114478503083838,1317,56.614356132585876,134.20000000000002,78.81753986332573,63.541477333456534,10.00560718391363,0.0,-3.0,0.6516737491549958,1,57.00447093889718,76.99248374105265,14.07615298174791,63.541477333456534
0,38.192234245703375,0.029860203510256745,0.012415713686739048,1.6484720152106578,3.684729933195783,1571,0.0,116.5,91.9919796308084,62.82961063778276,8.304966854050422,0.0,0.0,0.0,1,37.25321888412017,72.27897268814944,0.0,62.82961063778276
0,71.68458781362007,0.03479842945784816,0.01326028830982865,1.1902300415420128,1.0046386719133045,837,49.59774918460381,112.9,92.12747909199521,61.6391289519825,10.54586784660275,0.0,-3.0,0.2153546596302941,1,31.17803365810452,78.72005089103698,5.513079286535529,61.6391289519825
0,64.37768240343348,0.029949431420082225,0.013695380791806645,1.627196408618428,1.8915372639377974,932,45.95963293355205,121.0,96.15214592274678,61.90618930872998,11.77508045229023,0.0,-3.0,0.001304251187851472,1,34.132231404958674,80.4279560219417,0.0674297864119211,61.90618930872998
0,68.80733944954129,0.031318797796395965,0.014571019523936371,2.0088365316505725,3.716320665790584,872,46.10743584266498,122.50000000000001,97.4452981651376,62.80148212017478,12.930715765870092,0.0,-3.0,0.009851016519084804,1,33.795918367346935,88.54672608397213,0.5270293837710369,62.80148212017478
0,57.52636625119847,0.03438756121385066,0.018286963920484442,1.65157772095528,1.9213333584703607,1043,47.22743172618944,121.50000000000001,96.44582933844679,60.97034911434,14.808786487122399,0.0,-3.0,0.07501887223783055,1,34.650205761316876,89.30104082989726,3.563396431296951,60.97034911434
0,57.25190839694657,0.03576651992946259,0.018351323324328195,1.4057967551440418,0.9476340517228161,1048,49.45591763998789,121.6,94.9662213740458,59.40628253062644,17.002371476412677,0.0,-3.0,0.20686274854310402,1,35.52631578947368,87.46092123503064,8.70892171366468,59.40628253062644
0,55.65862708719852,0.03677361258729168,0.017837396220795276,1.5363421996619362,1.451682342590991,1078,49.44554885552488,121.39999999999999,93.66187384044527,64.47588927351566,17.02572028029455,0.0,-3.0,0.2062424169762356,1,38.22075782537067,89.05886200486158,12.003308668016913,64.47588927351566
0,53.81165919282511,0.039419498538263834,0.031035311092214416,2.995532586454148,8.756366707167533,1115,49.88717049922381,117.39999999999999,90.65228699551568,65.07478631358448,16.622702022330976,0.0,-3.0,0.23272141212024922,1,38.841567291311755,88.78968907941886,14.382183269031401,65.07478631358448
0,56.98005698005698,0.03945533853557383,0.03459288199491126,2.1730148879399973,4.1852789599639655,1053,49.82244864211955,112.9,86.63884140550807,65.15224015325047,17.604466707211227,0.0,-3.0,0.22883331143876087,1,39.94685562444641,88.53044827902038,14.62244860093682,65.15224015325047
0,56.92599620493359,0.04075113598858567,0.03447467917153136,2.166200094960972,3.5134221261687495,1054,49.799750037161054,113.99999999999999,86.64914611005692,65.53171578050667,18.023595853899277,0.0,-3.0,0.22747032496206132,1,40.87719298245613,88.56120749832077,16.628080754726682,65.53171578050667
0,55.35055350553505,0.04132713436758621,0.03988997118214767,2.084085687938639,3.1431085519460638,1084,49.9637382947181,112.5,85.19160516605166,67.00922003008918,17.84159549718685,0.0,-3.0,0.23732447259371628,1,41.51111111111111,90.46084102270659,17.229756710303803,67.00922003008918
0,56.76442762535478,0.04174383927975378,0.035395666678921356,2.196168461899669,3.7680587336925813,1057,49.46774354482496,108.1,81.8957426679281,68.34394933035986,18.11812197172197,0.0,-3.0,0.2075703349192223,1,42.553191489361694,94.42694758354388,13.388286602289838,68.34394933035986
0,59.40594059405941,0.040758875300270135,0.024697039723711525,2.6039496876379116,6.512571320265296,1010,49.09201795806593,107.69999999999999,80.65326732673266,68.14726238534905,17.44069903530733,0.0,-3.0,0.18513083531379274,1,42.33983286908077,93.76149174981846,13.440498643781353,68.14726238534905
0,57.58157389635317,0.03617117542839705,0.02963646857805935,2.3636776620640534,5.234661373676699,1042,49.654729738862066,111.3,82.5109404990403,67.67001950462613,16.97823995210359,0.0,-3.0,0.2187697267114771,1,44.11500449236298,88.79348780396639,15.642035459870613,67.67001950462613
0,58.708414872798436,0.038488677631575985,0.03236562468904515,2.105234437380055,3.226790308020152,1022,50.05242630025293,111.00000000000001,83.35900195694717,67.79638241193538,16.61865037526788,0.0,-3.0,0.24266068442177535,1,42.70270270270271,89.80763220327765,17.277440730830406,67.79638241193538
0,58.36575875486381,0.03755674534093616,0.03361527117456038,2.111251415213485,3.22590564881423,1028,50.087866645262004,105.4,80.40505836575875,67.60005715894299,16.514408438407614,0.0,-3.0,0.24479442924838446,1,42.50474383301708,89.61032476184512,17.33144559078562,67.60005715894299
0,60.72874493927125,0.04020938764402442,0.03194169708796077,2.042950102525824,3.1015776219988895,988,49.874819829091216,110.3,81.68471659919028,66.64124187993256,17.240434324773116,0.0,-3.0,0.2319792592153082,1,42.52039891205802,89.22610164416545,16.238548145071576,66.64124187993256
0,57.306590257879655,0.04137405578039428,0.03265171875298607,2.0989782641969454,3.390474626822261,1047,51.91926208678034,115.39999999999999,85.32712511938873,65.85004845017197,16.692264607346324,0.0,-3.0,0.3561278797603876,1,42.80762564991334,88.15748802713648,21.90186460526384,65.85004845017197
0,56.022408963585434,0.03899866907305682,0.03513014611972266,2.1657229865570127,3.5480511895519484,1071,52.356628174056915,112.9,86.18972922502334,66.03448125645353,16.35797162843177,0.0,-3.0,0.38303267503554034,1,40.47829937998229,88.96747006920332,24.897123877310122,66.03448125645353
0,40.70556309362279,0.035112755207086,0.024627832706144017,3.4587556938955015,12.383209926756754,1474,51.77015742493016,120.39999999999999,72.40658073270012,62.36944748601609,14.904925911549789,0.0,-3.0,0.34698390594586076,1,54.900332225913616,87.08552533935243,23.664302385507703,62.36944748601609
0,58.651026392961874,0.03818649735387277,0.031609029951190845,2.318364702777456,4.223906772242129,1023,52.08673918770823,111.00000000000001,87.57311827956988,62.540744920996616,15.289957054087653,0.0,-3.0,0.3664156660633197,1,36.4864864864865,87.59106582444913,24.1834339601791,62.540744920996616
0,41.666666666666664,0.03264975222717518,0.02685481009987309,3.4151526178732317,12.067131171509288,1440,51.87061218583673,123.9,74.79833333333333,64.00462957056399,13.669117157316807,0.0,-3.0,0.35314280795082964,1,53.430185633575476,85.93166486157811,23.943082379066247,64.00462957056399
0,38.91050583657587,0.030375861383692825,0.020262193162290196,3.589961622669552,12.940247354013708,1542,54.29082276697984,120.30000000000001,73.74805447470817,64.24264511842325,12.753338156518941,0.0,-3.0,0.503529286327842,1,54.530340814630094,84.99489543632781,31.62163918138848,64.24264511842325
0,41.84100418410042,0.030137133071520623,0.021093357492897296,3.251760292066534,11.528095651517416,1434,50.54081801468281,125.1,80.00850767085078,63.48955651186833,12.490583526945198,0.0,-3.0,0.27213368479480343,1,52.757793764988016,82.25745273567547,23.04972310211985,63.48955651186833
0,39.29273084479372,0.03828645728829357,0.024861943976532738,2.4842489060083928,6.054381209576309,1527,50.85957606896318,131.5,80.49384413883432,63.906257211457635,12.7151207706159,0.0,-3.0,0.2914500213044745,1,53.53612167300381,81.49033611981964,23.957191751227803,63.906257211457635
0,85.34850640113798,0.03319187964049251,0.024379095767745204,2.5765761963475726,6.7443653854680825,703,53.614885222906594,131.5,101.8145092460882,63.002119040577675,12.926770272825085,0.0,-3.0,0.46113515387817433,1,38.78326996197718,81.90903275174463,21.857806293825462,63.002119040577675
0,42.97994269340974,0.03509440409992416,0.01975999856080274,2.8787823878326293,9.473048361411772,1396,54.57516061887048,130.29999999999998,78.93732091690545,62.409874011885016,12.232702651893666,0.0,-3.0,0.5214556823775439,1,53.49194167306216,78.52239670620084,18.51167672440281,62.409874011885016
0,42.82655246252676,0.034430634719232425,0.021070690476982862,3.492932998882742,12.780162088553576,1401,52.66365705249427,126.69999999999999,79.19721627408994,61.578560528634235,12.49148294220113,0.0,-3.0,0.401994140756963,1,55.01183898973954,78.43963219058502,16.280762700657,61.578560528634235
0,115.83011583011583,0.03921245407352953,0.03242659571634207,1.6708129324496355,1.9778523899781053,518,58.190172888213326,126.69999999999999,105.96389961389961,60.43322919715497,12.768603750553952,0.0,-3.0,0.754357635331429,1,28.176795580110493,79.65998976421196,15.313459997228009,60.43322919715497
0,38.98635477582846,0.03575879486733527,0.02026144150913863,3.253642539766034,11.821954361240712,1539,56.04617434108765,139.0,93.12475633528265,61.57951631507035,10.876883181677622,0.0,-3.0,0.6150948443584733,1,49.35251798561151,75.92563734017925,11.809821011682686,61.57951631507035
0,39.26701570680628,0.028587494322818072,0.02000805950017623,3.7240443703859247,14.38261925453904,1528,50.01274980872227,136.1,80.83246073298429,61.53715133807766,10.53235150685798,0.0,-3.0,0.2402728153287812,1,54.88611315209404,74.29831143094792,5.7184930048249925,61.53715133807766
0,58.13953488372093,0.04144180827292178,0.026535741764978662,2.0000389239241985,3.176626901307394,1032,46.39674974555147,112.79999999999998,92.15736434108527,61.99955594593032,11.19332963609412,0.0,-3.0,0.02661644115741805,1,34.21985815602835,75.57494690427504,1.2110480726625212,61.99955594593032
0,54.10279531109107,0.040511966813990684,0.030792979845652407,1.7594920373923553,1.9819238477468133,1109,47.533047723902214,118.0,88.38016230838593,62.548036216863316,12.125944119122098,0.0,-3.0,0.09292669043780297,1,39.745762711864415,77.9551653296283,4.163115731613573,62.548036216863316
0,41.26547455295736,0.030968897068339368,0.016806611400983884,3.700743521542013,15.786479818829395,1454,48.85564741535183,105.80000000000001,80.46898211829436,64.280867732251,9.321830829288247,0.0,-3.0,0.17105777731279873,1,40.170132325141786,80.58023854435345,7.543647979494423,64.280867732251
0,77.41935483870968,0.03685604190423362,0.02640177801963388,2.8839790893779735,8.302874472478843,775,47.316545834440994,122.30000000000001,83.56425806451614,63.71557652296069,9.274777833934557,0.0,-3.0,0.0802349868018066,1,53.39329517579723,82.9635271256937,5.399814611761585,63.71557652296069
0,40.376850605652756,0.030940222005155237,0.010528973448398923,1.5584632835010779,2.276317185933096,1486,49.929611763663566,94.19999999999999,72.00450874831763,63.49773263409396,10.67533529681593,0.0,-3.0,0.2352724268467546,1,38.6411889596603,85.31288499847106,14.257509066913329,63.49773263409396
0,45.0112528132033,0.03251091198023584,0.02071938478937527,3.206754858153213,11.144577107217614,1333,50.28621839590562,128.7,93.28912228057014,62.495495524118915,9.26010883900718,0.0,-3.0,0.25675087054640033,1,47.008547008547005,80.161891821111,15.8415287127129,62.495495524118915
0,52.493438320209975,0.03858614737886812,0.036047804172355764,2.1025746968191488,3.260617817395583,1143,50.75887906527186,116.10000000000001,87.39938757655293,62.44372641061549,9.449257757348008,0.0,-3.0,0.2853410247982754,1,39.534883720930246,80.20646896885431,18.090620972210658,62.44372641061549
0,40.65040650406504,0.03220961678789046,0.023674004933851182,3.6784367071567106,13.697038847647693,1476,52.29104293773467,121.0,74.47730352303523,62.6776441589928,8.46346627772191,0.0,-3.0,0.37899024922285696,1,55.70247933884298,77.25292792612335,14.477427520313135,62.6776441589928
0,48.7408610885459,0.039517738341893725,0.02496952670608354,1.9956492756842674,4.226338367315461,1231,52.77944801337806,98.9,81.64151096669376,60.48298392027028,10.322660260811702,0.0,-3.0,0.40916120413639345,1,33.16481294236603,76.83529277516008,13.420487495673704,60.48298392027028
0,55.91798695246971,0.03883208889505472,0.026674911800734575,2.2019107767220554,4.090661861759633,1073,49.234498800020184,129.0,88.1664492078285,62.23614258201688,11.605343365413859,0.0,-3.0,0.19363016112717607,1,49.06976744186046,82.03710274096528,17.039454179191495,62.23614258201688
0,40.26845637583892,0.03303510468437821,0.016943587594875527,2.383144475932448,7.369732402352172,1490,47.70459412051776,126.29999999999998,71.72208053691274,63.56066552784832,11.69357974580494,0.0,-3.0,0.10300241603081921,1,58.74901029295329,81.40708233797413,9.548323966056941,63.56066552784832
0,46.012269938650306,0.03391185465238157,0.016956952920498706,2.4591259407674673,6.824094265011194,1304,47.651428327624714,104.69999999999999,82.2008435582822,63.810606862328406,12.025713873886064,0.0,-3.0,0.09987790158633368,1,39.25501432664756,88.77288175403562,9.558315181812134,63.810606862328406
0,53.097345132743364,0.02675322635163658,0.015799731212769223,1.8320227785251608,2.2068000595758104,1130,48.496129967876826,126.0,86.47415929203538,64.29839179767109,12.042922813103777,0.0,-3.0,0.14971704839660277,1,48.41269841269841,86.94945757612773,12.291769673361088,64.29839179767109
0,105.4481546572935,0.0382639402742374,0.014240425271892647,1.0288884346467897,-0.07244644613516416,569,52.209408591592464,126.0,102.73216168717047,64.8756126185086,10.725002820388188,0.0,-3.0,0.3739625282046334,1,43.41269841269841,82.05202249443319,13.799217290750974,64.8756126185086
0,41.35079255685734,0.03315964759563416,0.014015116622718425,2.3070948411648287,5.745260227384017,1451,54.28914097683134,124.70000000000002,72.29166092350103,64.12437380908729,11.890510991754804,0.0,-3.0,0.5034234207607501,1,57.65838011226945,78.9873800813855,11.981477414105854,64.12437380908729
0,44.21518054532056,0.031253467964855536,0.022893273524249427,3.984605043410853,19.292862585081288,1357,55.599688163067526,103.0,81.73338246131172,63.075372976799855,12.299726980031464,0.0,-3.0,0.5865124957620217,1,38.83495145631068,80.08027005853808,16.187744883031797,63.075372976799855
0,55.29953917050691,0.03133534758827653,0.013450075773389289,1.4475526172764008,2.026678055427009,1085,55.94565273380074,119.9,84.27225806451612,62.48215514775799,12.942372253691799,0.0,-3.0,0.6086474726949402,1,47.289407839866556,82.23841678023068,16.859534993649845,62.48215514775799
0,53.9568345323741,0.030406241088930665,0.013463414412595546,1.6636628002925693,2.5778666295635544,1112,56.65401661937488,99.8,77.29730215827338,62.396405095571374,14.024317980389432,0.0,-3.0,0.654235740562505,1,37.4749498997996,84.24645380454037,20.150460809325153,62.396405095571374
0,61.224489795918366,0.028438047041754847,0.009653136737463064,2.0385964984962945,4.097153213849723,980,52.54756560001272,73.6,63.40948979591836,60.997693148307626,12.92968537597099,0.0,-3.0,0.3948173187879884,1,23.777173913043463,80.54178033960416,11.686592636124459,60.997693148307626
0,270.27027027027026,0.05687113219896822,0.01676242957920528,0.28278765197477745,-0.970097729328351,222,56.499095694231755,86.8,60.48603603603604,60.13597335300815,12.912357042586937,0.0,-3.0,0.6442346101162058,1,38.59447004608294,79.00115226234338,6.893310328243402,60.13597335300815
0,40.053404539385845,0.029750527337122065,0.008868482778249583,0.051669035080898526,-0.8820532173939433,1498,50.96895692304071,125.6,79.49412550066755,60.59107989726783,9.068131635226793,0.0,-3.0,0.2980930710761842,1,55.97133757961782,78.6468149784171,4.381968144819908,60.59107989726783
0,98.6842105263158,0.030106840040838464,0.014489630265517492,1.1655219218532664,0.955503949179672,608,46.319736723681636,121.0,85.88453947368421,60.5323167381677,4.986633753102035,0.0,-3.0,0.022148989423019176,1,58.26446280991735,73.77753772838798,0.3787477191336279,60.5323167381677
0,40.59539918809202,0.02903076311337069,0.019692176850135475,3.361032151095144,12.39231665165745,1478,47.97199517018329,115.8,82.58491204330176,59.73875219857635,9.033225281434607,0.0,-3.0,0.11874249080028694,1,46.718480138169255,73.52602295398417,1.9236283509646483,59.73875219857635
0,92.02453987730061,0.04155160366951708,0.029362411600357043,2.2660049777970177,4.137007442397271,652,46.506017402820696,115.8,94.75398773006135,58.74644262571535,8.930735505352345,0.0,-3.0,0.03296073604360572,1,31.951640759930918,65.58073655831664,0.5504442919282155,58.74644262571535
0,64.72491909385113,0.029897630389461496,0.008881852851682956,0.8542327091857007,-0.006311736660884915,927,50.59846976010124,87.8,71.87216828478964,59.63391839921142,9.393273993908265,0.0,-3.0,0.2756225939362995,1,31.548974943052393,64.01548206548412,3.886278574501823,59.63391839921142
0,77.12082262210797,0.035523920649761676,0.014182308077875504,1.6378772729102165,3.044111057147088,778,49.79977805624102,115.19999999999999,76.64113110539846,59.499051875350865,9.043502191193037,0.0,-3.0,0.22747200723291988,1,56.249999999999986,70.00100305346125,8.439211468341327,59.499051875350865
0,44.34589800443459,0.03340328250260472,0.022795872389513142,2.8032347255982066,7.8578044714883415,1353,62.70649187482039,115.3,83.71818181818182,60.36432764082218,12.590603610712732,0.0,-3.0,1.0593132129980418,1,44.40589765828275,71.71699443212826,12.076170628177678,60.36432764082218
0,39.973351099267155,0.032854610083990744,0.01895768649071807,2.292864141405616,6.0297680174731685,1501,62.30801966412601,115.7,70.67275149900067,67.04201264646171,11.288265467771938,0.0,-3.0,1.0317382707640734,1,55.31547104580812,78.75993043674261,12.690380730398104,67.04201264646171
0,127.38853503184713,0.049577429179520245,0.025913746242841703,0.7251570413794819,-0.30539204929796204,471,54.36434937867395,115.7,99.63184713375797,68.50537556867862,7.988437028305758,0.0,-3.0,0.508159540818469,1,25.41054451166811,77.81544304745792,15.346418132717766,68.50537556867862
0,68.3371298405467,0.0354260760828694,0.02116278310587928,1.8056177342150328,2.700578659897099,878,51.01757192722587,121.2,87.57824601366742,67.55935091543395,7.955651899023065,0.0,-3.0,0.3010480374475235,1,44.554455445544555,78.4616523752445,10.325947684450057,67.55935091543395
0,44.776119402985074,0.03628789602887296,0.02449221139991956,2.394685802976229,5.348318087607261,1340,50.122640454382015,129.0,90.4734328358209,67.30875693161587,10.735263225949065,0.0,-3.0,0.24688879848685205,1,46.43410852713179,81.57465202457236,8.567041307493767,67.30875693161587
0,44.80955937266617,0.03222110633245253,0.01871435453515078,3.7035420655389375,14.468938161760729,1339,51.559265276860586,106.69999999999999,84.73487677371172,67.83776500763544,12.61024688893808,0.0,-3.0,0.3340751530953513,1,37.300843486410486,85.62005935555435,11.25833265931334,67.83776500763544
0,49.75124378109453,0.03575470475827546,0.023833959619496362,3.0226007005595172,9.816472584331194,1206,51.860888038943294,127.60000000000001,89.85986733001658,67.01025568053588,11.96248495871794,0.0,-3.0,0.35254633447072636,1,44.514106583072106,85.29828254197582,11.880811471663478,67.01025568053588
0,49.66887417218543,0.040559390207778954,0.03417045272341271,2.3921051867408822,4.796690915159983,1208,54.88280108671181,118.8,91.26341059602649,63.7099646165645,14.451908881910082,0.0,-3.0,0.5409139038435107,1,39.562289562289564,86.01890388232914,17.85015882683585,63.7099646165645
0,48.582995951417004,0.04377506737968099,0.03505710533582383,2.3552486223394706,4.720620646525192,1235,50.53265019965853,110.9,85.92105263157895,65.67587380820699,15.781341533877953,0.0,-3.0,0.27163956127275146,1,40.75743913435528,91.90013869912492,19.53088445551083,65.67587380820699
0,39.8936170212766,0.037884386451009944,0.02299518902790516,3.1966595350773157,11.185772969345228,1504,49.53681764020971,121.10000000000001,73.73470744680851,67.83585538305593,15.156602536522346,0.0,-3.0,0.21170498867621343,1,54.99587118084227,93.16728926288697,19.476858958211636,67.83585538305593
0,40.54054054054054,0.027880780386687686,0.007299254187750588,0.8649256637212815,1.3622207741780326,1480,47.31638555739355,109.7,71.99864864864865,67.1062172889897,11.15615791104402,0.0,-3.0,0.08022560117725375,1,48.769371011850495,80.78186474233243,7.6454997921922825,67.1062172889897
0,130.718954248366,0.04609359596840538,0.029087347167087642,1.993676942658705,3.03874554183718,459,52.06346336145048,98.8,62.58736383442265,67.12544338329364,10.603483157181056,0.0,-3.0,0.3649847927441048,1,46.86234817813765,81.59727449502962,12.15399359837869,67.12544338329364
0,101.01010101010101,0.040080684288882784,0.029540167600846323,2.1638640921076244,3.7450547597634296,594,54.54171459066208,121.10000000000001,99.25370370370369,66.83308382573985,10.57852705770882,0.0,-3.0,0.5193441601063331,1,47.56399669694468,83.1272460005059,17.969307939679126,66.83308382573985
0,38.38771593090211,0.029921479097057467,0.009642910858174794,1.2707232286131296,3.8527123749257672,1563,53.04207138776488,117.39999999999999,69.2344209852847,68.2914776891626,8.714653966196947,0.0,-3.0,0.4254494588335917,1,58.51788756388415,81.93400769297259,11.402045496740257,68.2914776891626
0,38.095238095238095,0.035226463864188,0.022277775221765585,3.2426802886385944,10.917725401858872,1575,52.45973911693484,124.4,74.39619047619048,68.40352391786612,9.275411607728657,0.0,-3.0,0.38939371562743286,1,55.78778135048231,81.10541625902992,10.4357515788152,68.40352391786612
0,38.93575600259572,0.028172159499398094,0.015712989410893972,2.836255540953334,9.342382813763427,1541,53.050806689120016,126.69999999999999,75.03277092796885,66.70346179348091,11.382267100866741,0.0,-3.0,0.4259920179979261,1,54.85398579321231,81.4942874126237,11.459185284144212,66.70346179348091
0,56.33802816901409,0.036073925258460725,0.01940773293224186,1.9249095706102215,2.749540679287498,1065,50.994675496186154,126.69999999999999,93.761220657277,65.83312175267055,14.144821080312248,0.0,-3.0,0.29965613757690934,1,43.72533543804262,83.43534232160461,11.476830069195628,65.83312175267055
0,54.10279531109107,0.036868489721310446,0.02176109196931598,1.8726678943389836,2.8666222305227054,1109,50.13243397732253,111.20000000000002,83.73507664562669,65.91020433991733,15.885780593875946,0.0,-3.0,0.24747878116745473,1,40.467625899280584,86.71951642805602,11.408771811819662,65.91020433991733
0,41.84100418410042,0.03363529380807713,0.023802025009053866,2.8026283528872358,8.340735334339719,1434,47.885279178423616,121.30000000000001,75.06917712691772,66.5074021684864,14.285084550008229,0.0,-3.0,0.11363351396203826,1,53.338829348722186,88.01761746501255,7.408905110324895,66.5074021684864
0,39.70880211780278,0.03415702728069918,0.02012433413973837,3.3084199714563356,12.943123823513972,1511,47.39778269558873,126.1,74.8058901389808,64.29558565570235,14.200341450993351,0.0,-3.0,0.08499403469104487,1,55.82870737509912,86.58980490907152,7.224492948738813,64.29558565570235
0,37.85488958990536,0.02849872607769962,0.01541995841756892,3.276323480044001,12.2012595764095,1585,46.81050308668848,122.8,71.77331230283913,64.12093235240084,12.731473696580709,0.0,-3.0,0.050675694770066115,1,57.65472312703584,84.91338414440544,4.525339542966904,64.12093235240084
0,41.666666666666664,0.026724730005591505,0.011962273266884852,1.9402038297081938,3.8563410677198453,1440,46.56517254200095,123.2,73.69076388888888,64.5015987027644,11.593491084856044,0.0,-3.0,0.03639823528319902,1,56.73701298701299,83.01569993787649,3.275841175487912,64.5015987027644
0,104.52961672473867,0.029997071669753995,0.018100670351817085,1.4467087014486917,1.0019255925013981,574,49.05553091348972,123.2,98.8560975609756,64.19897410539535,9.66679496067828,0.0,-3.0,0.18295626808474946,1,35.38961038961038,77.06683035989725,4.7568629702034855,64.19897410539535
0,74.25742574257426,0.02549932933032841,0.008845798885614048,0.841710213875267,0.09350458485480262,808,48.00786566205895,101.4,79.80049504950495,63.648186050582346,8.713873557576294,0.0,-3.0,0.1208571373633638,1,37.3767258382643,75.5831481987755,5.825314020914135,63.648186050582346
0,53.9568345323741,0.028449980790654732,0.02469944990916411,3.2725118491164804,10.284203493004053,1112,54.376712684081824,124.70000000000002,87.5353417266187,63.771836706022306,10.310861911833973,0.0,-3.0,0.5089384692235365,1,46.59182036888532,78.05561213362562,12.367204802131937,63.771836706022306
0,47.50593824228029,0.029332231697223883,0.03158361201979191,2.5208316533215953,5.340225391445399,1263,54.266182606295914,112.1,86.06128266033254,64.01279740363917,12.154204291033755,0.0,-3.0,0.5019784272373923,1,40.58876003568241,80.59756219452458,16.565288098833946,64.01279740363917
